Workbook

Sheet Tổng hợp
A1: TỔNG HỢP KẾT QUẢ KIỂM THỬ
A3: STT | B3: Tên màn hình/chức năng | C3: Manual test
C4: Số trường hợp kiểm thử đạt (P) | D4: Số trường hợp kiểm thử không đạt (F) | E4: Số trường hợp kiểm thử đang xem xét (PE) | F4: Số trường hợp kiểm thử chưa thực hiện | G4: Tổng số trường hợp kiểm thử | H4: Tỉ lệ trường hợp kiểm thử đạt (%P) | I4: Tỉ lệ trường hợp kiểm thử không đạt (%F) | J4: Tỉ lệ trường hợp kiểm thử đã thực hiện (%Cover)
A5: 1 | B5: Màn hình "Danh sách hồ sơ pháp lý" (FEAT-XLDL-009-01) | C5: =M1_DanhSach!C7 -> 0 | D5: =M1_DanhSach!C8 -> 0 | E5: =M1_DanhSach!C9 -> 0 | F5: =M1_DanhSach!C10 -> 594 | G5: =M1_DanhSach!C11 -> 594 | H5: =IF(G5=0,"",C5/G5) -> 0 | I5: =IF(G5=0,"",D5/G5) -> 0 | J5: =IF(G5=0,"",(C5+D5+E5)/G5) -> 0
A6: 2 | B6: Popup "Xem chi tiết hồ sơ pháp lý tệp D10/D11" (FEAT-XLDL-009-02) | C6: =M2_ChiTiet_D10D11!C7 -> 0 | D6: =M2_ChiTiet_D10D11!C8 -> 0 | E6: =M2_ChiTiet_D10D11!C9 -> 0 | F6: =M2_ChiTiet_D10D11!C10 -> 174 | G6: =M2_ChiTiet_D10D11!C11 -> 174 | H6: =IF(G6=0,"",C6/G6) -> 0 | I6: =IF(G6=0,"",D6/G6) -> 0 | J6: =IF(G6=0,"",(C6+D6+E6)/G6) -> 0
A7: 3 | B7: Popup "Xem chi tiết hồ sơ pháp lý tệp Q11" (FEAT-XLDL-009-03) | C7: =M3_ChiTiet_Q11!C7 -> 0 | D7: =M3_ChiTiet_Q11!C8 -> 0 | E7: =M3_ChiTiet_Q11!C9 -> 0 | F7: =M3_ChiTiet_Q11!C10 -> 138 | G7: =M3_ChiTiet_Q11!C11 -> 138 | H7: =IF(G7=0,"",C7/G7) -> 0 | I7: =IF(G7=0,"",D7/G7) -> 0 | J7: =IF(G7=0,"",(C7+D7+E7)/G7) -> 0
A8: 4 | B8: Popup "Xử lý hồ sơ pháp lý tệp D10/D11" + popup "Xác nhận cập nhật thông tin hồ sơ"/popup "Xác nhận từ chối cập nhật thông tin hồ sơ" (FEAT-XLDL-009-04) | C8: =M4_XuLy_D10D11!C7 -> 0 | D8: =M4_XuLy_D10D11!C8 -> 0 | E8: =M4_XuLy_D10D11!C9 -> 0 | F8: =M4_XuLy_D10D11!C10 -> 255 | G8: =M4_XuLy_D10D11!C11 -> 255 | H8: =IF(G8=0,"",C8/G8) -> 0 | I8: =IF(G8=0,"",D8/G8) -> 0 | J8: =IF(G8=0,"",(C8+D8+E8)/G8) -> 0
A9: 5 | B9: Popup "Xử lý hồ sơ pháp lý tệp Q11" + popup "Xác nhận cập nhật thông tin hồ sơ"/popup "Xác nhận từ chối cập nhật thông tin hồ sơ" (FEAT-XLDL-009-05) | C9: =M5_XuLy_Q11!C7 -> 0 | D9: =M5_XuLy_Q11!C8 -> 0 | E9: =M5_XuLy_Q11!C9 -> 0 | F9: =M5_XuLy_Q11!C10 -> 243 | G9: =M5_XuLy_Q11!C11 -> 243 | H9: =IF(G9=0,"",C9/G9) -> 0 | I9: =IF(G9=0,"",D9/G9) -> 0 | J9: =IF(G9=0,"",(C9+D9+E9)/G9) -> 0
A10: 6 | B10: Màn hình "Xử lý đồng thời hồ sơ pháp lý" D10/D11 và Q11 + popup "Xác nhận cập nhật thông tin hồ sơ"/popup "Xác nhận từ chối cập nhật thông tin hồ sơ" (FEAT-XLDL-009-06, 07) | C10: =M7_XuLyDongThoi!C7 -> 0 | D10: =M7_XuLyDongThoi!C8 -> 0 | E10: =M7_XuLyDongThoi!C9 -> 0 | F10: =M7_XuLyDongThoi!C10 -> 284 | G10: =M7_XuLyDongThoi!C11 -> 284 | H10: =IF(G10=0,"",C10/G10) -> 0 | I10: =IF(G10=0,"",D10/G10) -> 0 | J10: =IF(G10=0,"",(C10+D10+E10)/G10) -> 0
A11: 7 | B11: Xử lý tự động khi tiếp nhận, trạng thái và tích hợp (FEAT-XLDL-009-08) | C11: =M8_NghiepVu_TichHop!C7 -> 0 | D11: =M8_NghiepVu_TichHop!C8 -> 0 | E11: =M8_NghiepVu_TichHop!C9 -> 0 | F11: =M8_NghiepVu_TichHop!C10 -> 33 | G11: =M8_NghiepVu_TichHop!C11 -> 33 | H11: =IF(G11=0,"",C11/G11) -> 0 | I11: =IF(G11=0,"",D11/G11) -> 0 | J11: =IF(G11=0,"",(C11+D11+E11)/G11) -> 0
A12: Total | C12: =SUM(C5:C11) -> 0 | D12: =SUM(D5:D11) -> 0 | E12: =SUM(E5:E11) -> 0 | F12: =SUM(F5:F11) -> 1721 | G12: =SUM(G5:G11) -> 1721 | H12: =IF(G12=0,"",C12/G12) -> 0 | I12: =IF(G12=0,"",D12/G12) -> 0 | J12: =IF(G12=0,"",(C12+D12+E12)/G12) -> 0

Sheet M1_DanhSach
B1: KỊCH BẢN KIỂM THỬ CHỨC NĂNG
B3: Tên màn hình/Tên chức năng | C3: Màn hình "Danh sách hồ sơ pháp lý" (FEAT-XLDL-009-01) | E3: KBNV
B4: Mã trường hợp kiểm thử | C4: HSPL | E4: TKCT
B6: Manual test
B7: Số trường hợp kiểm thử đạt (P) | C7: =COUNTIF($O$20:$O$677,"P") -> 0
B8: Số trường hợp kiểm thử không đạt (F) | C8: =COUNTIF($O$20:$O$677,"F") -> 0
B9: Số trường hợp kiểm thử đang xem xét (PE) | C9: =COUNTIF($O$20:$O$677,"PE") -> 0
B10: Số trường hợp kiểm thử chưa thực hiện | C10: =C11-C7-C8-C9 -> 594
B11: Tổng số trường hợp kiểm thử | C11: =COUNTA($F$20:$F$677) -> 594
A15: ID | B15: Mục đích kiểm thử | C15: Trường hợp kiểm thử | D15: Data test | E15: Các bước thực hiện | F15: Kết quả mong muốn | G15: Mức độ nghiêm trọng | H15: Hình ảnh | I15: Manual Test | O15: Kết quả test (M) | P15: Mã lỗi | Q15: Ghi chú
I16: WEB
I17: Lần 1 | J17: Ngày thực hiện | K17: Lần 2 | L17: Ngày thực hiện | M17: Lần 3 | N17: Ngày thực hiện
B18: Pre-condition: - Đăng nhập tài khoản cbxl01 (ROLE-CBTTXLDL, phân quyền TCTD 31358001 và 79202501) - Menu: Thu thập và xử lý dữ liệu > Xử lý dữ liệu > Hồ sơ pháp lý - Kho tiền dữ liệu có hồ sơ pháp lý hợp lệ tệp D10, D11, Q11 của cả KH Cá nhân và Tổ chức, ở đủ 4 trạng thái Chờ cấp mã / Chờ xem xét / Đã xử lý / Từ chối - Đầu mối 31358001 có > 1.000 hồ sơ tệp D11 (đủ để phân trang tới trang 50) - Đầu mối 01201001 là đầu mối gửi báo cáo nhưng KHÔNG thuộc TCTD được phân quyền của cbxl01
B19: Giao diện (Phần này viết các trường hợp kiểm thử cho giao diện chung và các giao diện cho các control)
A20: =IF(F20="","",ROW()-19-COUNTBLANK($F$20:F20)) | B20: Kiểm tra giao diện chung
A21: =IF(F21="","",ROW()-19-COUNTBLANK($F$20:F21)) -> 1 | B21: Kiểm tra hiển thị màn hình mặc định | C21: Hiển thị màn hình "Danh sách hồ sơ pháp lý" khi mở | E21: 1. Mở màn hình "Danh sách hồ sơ pháp lý" 2. Quan sát màn hình "Danh sách hồ sơ pháp lý" | F21: Hiển thị đúng như SRS: - Tiêu đề "Danh sách hồ sơ pháp lý", breadcrumb Trang chủ / Xử lý dữ liệu - Nút Cấu hình hiển thị, Xuất Excel - Điều kiện: Loại khách hàng (*) = Cá nhân, Mã đầu mối (*) trống, Mã tệp (*) = tệp đầu tiên được phân quyền (D10), Mã CIC, Mã khách hàng, Nhóm khách hàng, Trạng thái, Người cập nhật, Từ ngày cập nhật → Đến ngày cập nhật, Từ ngày báo cáo → Đến ngày báo cáo; Tên tệp và CCCD/CMND KHÔNG hiển thị (mặc định tắt) - Nút Thêm bộ lọc, Làm mới, Tìm kiếm - Lưới: checkbox, STT, Ngày báo cáo, Mã đầu mối, Mã khách hàng, Tên khách hàng, CCCD, Địa chỉ, Mã CIC, Nhóm khách hàng, Trạng thái, Thao tác (Mã tệp, Tên tệp, Loại khách hàng, Ngày cập nhật, Người cập nhật ẩn) - Vùng lưới hiển thị "Chưa có dữ liệu. Vui lòng chọn tiêu chí tìm kiếm."; phân trang 20 / trang - Không hiển thị dải thao tác hàng loạt và banner INF_009 (BR-013, BR-019, BR-021) | G21: Cao
A22: =IF(F22="","",ROW()-19-COUNTBLANK($F$20:F22)) -> 2 | B22: Kiểm tra tổng thể giao diện màn hình | C22: Bố cục, font chữ, căn lề, dấu (*), chính tả | E22: 1. Mở màn hình "Danh sách hồ sơ pháp lý" 2. Quan sát toàn bộ label, control, button | F22: 1. Label, control có kích thước, khoảng cách đồng đều, không xô lệch 2. Cùng một font, cỡ chữ; label căn trái 3. Trường bắt buộc có dấu (*) 4. Không có lỗi chính tả, ngữ pháp | G22: Trung bình
A23: =IF(F23="","",ROW()-19-COUNTBLANK($F$20:F23)) -> 3 | B23: Kiểm tra thứ tự di chuyển con trỏ khi nhấn phím Tab | C23: Nhấn Tab liên tục từ control đầu tiên | E23: 1. Mở màn hình "Danh sách hồ sơ pháp lý" 2. Nhấn phím Tab liên tục | F23: Con trỏ di chuyển lần lượt: Cấu hình hiển thị → Xuất Excel → Loại khách hàng → Mã đầu mối → Mã tệp → Mã CIC → Mã khách hàng → Nhóm khách hàng → Trạng thái → Người cập nhật → Từ ngày cập nhật → Đến ngày cập nhật → Từ ngày báo cáo → Đến ngày báo cáo → Thêm bộ lọc → Làm mới → Tìm kiếm → lưới → phân trang | G23: Trung bình
A24: =IF(F24="","",ROW()-19-COUNTBLANK($F$20:F24)) -> 4 | B24: Kiểm tra thứ tự di chuyển con trỏ khi nhấn phím Shift+Tab | C24: Nhấn Shift+Tab liên tục từ control cuối cùng | E24: 1. Mở màn hình "Danh sách hồ sơ pháp lý" 2. Focus control cuối cùng 3. Nhấn Shift+Tab liên tục | F24: Con trỏ di chuyển theo thứ tự ngược lại với phím Tab (từ dưới lên trên, từ phải sang trái) | G24: Trung bình
A25: =IF(F25="","",ROW()-19-COUNTBLANK($F$20:F25)) -> 5 | B25: Kiểm tra phím Enter | C25: Nhấn Enter khi đang focus control | E25: 1. Mở màn hình "Danh sách hồ sơ pháp lý" 2. Focus control 3. Nhấn phím Enter | F25: Focus ô điều kiện và nhấn Enter → kích hoạt Tìm kiếm; focus nút → thực hiện chức năng của nút | G25: Trung bình
A26: =IF(F26="","",ROW()-19-COUNTBLANK($F$20:F26)) -> 6 | B26: Kiểm tra tính năng responsive màn hình | C26: Thay đổi mức zoom bằng Ctrl+− / Ctrl+= | D26: Zoom 75%, 100%, 125%, 150% | E26: 1. Mở màn hình "Danh sách hồ sơ pháp lý" 2. Nhấn Ctrl+− / Ctrl+= để đổi mức zoom | F26: Layout hiển thị hài hòa, không tràn khung, không vỡ giao diện ở mọi mức zoom | G26: Thấp
A27: =IF(F27="","",ROW()-19-COUNTBLANK($F$20:F27)) -> 7 | B27: Kiểm tra ngôn ngữ tiếng Việt chuẩn hành chính | C27: Rà toàn bộ nhãn, từ viết tắt trên màn hình | D27: Từ viết tắt: KH, TCTD, TTQT, QHTD, CIC, C06 | E27: 1. Mở màn hình "Danh sách hồ sơ pháp lý" 2. Rà các nhãn, giá trị có từ viết tắt | F27: Không có từ viết tắt không được định nghĩa; từ viết tắt có tooltip giải thích (Quy tắc component) | G27: Thấp
A28: =IF(F28="","",ROW()-19-COUNTBLANK($F$20:F28)) -> 8 | B28: Kiểm tra phím tắt thao tác | C28: Phím tắt theo Quy tắc component | D28: F5; Ctrl+Shift+E; Ctrl+P | E28: 1. Mở màn hình "Danh sách hồ sơ pháp lý", chọn Loại KH = Cá nhân, Mã đầu mối = 31358001, Mã tệp = D11, click Tìm kiếm 2. Nhấn lần lượt F5, Ctrl+Shift+E, Ctrl+P | F28: F5 làm mới trang; Ctrl+Shift+E mở lựa chọn Xuất Excel; Ctrl+P mở In trang hiện tại | G28: Thấp
A29: =IF(F29="","",ROW()-19-COUNTBLANK($F$20:F29)) | B29: Kiểm tra title Danh sách hồ sơ pháp lý
A30: =IF(F30="","",ROW()-19-COUNTBLANK($F$20:F30)) -> 9 | B30: Kiểm tra hiển thị title | C30: Kiểm tra hiển thị title | E30: 1. Mở màn hình "Danh sách hồ sơ pháp lý" 2. Kiểm tra hiển thị title | F30: Title cố định mặc định: "Danh sách hồ sơ pháp lý" | G30: Thấp
A31: =IF(F31="","",ROW()-19-COUNTBLANK($F$20:F31)) -> 10 | B31: Kiểm tra chỉnh sửa title | C31: Kiểm tra chỉnh sửa title | E31: 1. Mở màn hình "Danh sách hồ sơ pháp lý" 2. Click / thử nhập vào title | F31: Không cho phép chỉnh sửa | G31: Thấp
A32: =IF(F32="","",ROW()-19-COUNTBLANK($F$20:F32)) | B32: Kiểm tra button chung trên màn hình
A33: =IF(F33="","",ROW()-19-COUNTBLANK($F$20:F33)) -> 11 | B33: Kiểm tra căn lề, chính tả label button | C33: Kiểm tra căn lề, chính tả label các button | E33: 1. Mở màn hình "Danh sách hồ sơ pháp lý" 2. Quan sát các button: Cấu hình hiển thị, Xuất Excel, Thêm bộ lọc, Làm mới, Tìm kiếm, Xử lý hồ sơ, Bỏ chọn | F33: Text căn giữa, chữ thường và chữ cái đầu in hoa, không lỗi chính tả | G33: Thấp
A34: =IF(F34="","",ROW()-19-COUNTBLANK($F$20:F34)) -> 12 | B34: Kiểm tra trạng thái enabled/disabled của các button theo điều kiện | C34: Kiểm tra trạng thái các button | E34: 1. Mở màn hình "Danh sách hồ sơ pháp lý" 2. Quan sát trạng thái các button | F34: Hiển thị đúng trạng thái theo điều kiện SRS; chỉ có duy nhất 1 Primary button (Tìm kiếm) trong một khu vực | G34: Trung bình
A35: =IF(F35="","",ROW()-19-COUNTBLANK($F$20:F35)) -> 13 | B35: Kiểm tra click button thực hiện đúng chức năng | C35: Kiểm tra click các button | E35: 1. Mở màn hình "Danh sách hồ sơ pháp lý" 2. Click lần lượt từng button | F35: Mỗi button thực hiện đúng chức năng mô tả trong SRS | G35: Cao
A36: =IF(F36="","",ROW()-19-COUNTBLANK($F$20:F36)) -> 14 | B36: Kiểm tra loading và disable button khi đang xử lý | C36: Kiểm tra button khi hệ thống đang xử lý | D36: Giả lập mạng chậm (DevTools: Slow 3G) | E36: 1. Mở màn hình "Danh sách hồ sơ pháp lý" 2. Click button gọi API 3. Click tiếp nhiều lần khi đang xử lý | F36: Button hiển thị loading spinner và bị disable; thao tác chỉ được thực hiện 1 lần | G36: Cao
A37: =IF(F37="","",ROW()-19-COUNTBLANK($F$20:F37)) -> 15 | B37: Kiểm tra giữ bộ lọc sau khi F5 hoặc chuyển trang | C37: Kiểm tra giữ tùy chọn bộ lọc và cấu hình hiển thị | E37: 1. Mở màn hình "Danh sách hồ sơ pháp lý" 2. Chọn điều kiện, Tìm kiếm 3. Nhấn F5 hoặc chuyển sang chức năng khác rồi quay lại | F37: Hệ thống giữ tùy chọn bộ lọc và cấu hình hiển thị đã chọn trước đó (không lưu giá trị) — Quy tắc component | G37: Trung bình
A38: =IF(F38="","",ROW()-19-COUNTBLANK($F$20:F38)) | B38: Kiểm tra button Cấu hình hiển thị
A39: =IF(F39="","",ROW()-19-COUNTBLANK($F$20:F39)) -> 16 | B39: Kiểm tra hiển thị button | C39: Kiểm tra hiển thị nút Cấu hình hiển thị | E39: 1. Mở màn hình "Danh sách hồ sơ pháp lý" 2. Quan sát nút Cấu hình hiển thị | F39: Button hiển thị giống như trong SRS: góc phải tiêu đề trang, có icon, nhãn "Cấu hình hiển thị" | G39: Trung bình
A40: =IF(F40="","",ROW()-19-COUNTBLANK($F$20:F40)) -> 17 | B40: Kiểm tra trạng thái button | C40: Kiểm tra trạng thái enable/disable của nút Cấu hình hiển thị | E40: 1. Mở màn hình "Danh sách hồ sơ pháp lý" 2. Quan sát trạng thái nút Cấu hình hiển thị theo từng điều kiện | F40: Trạng thái: Enable | G40: Trung bình
A41: =IF(F41="","",ROW()-19-COUNTBLANK($F$20:F41)) -> 18 | B41: Kiểm tra thao tác click button | C41: Kiểm tra click nút Cấu hình hiển thị | E41: 1. Mở màn hình "Danh sách hồ sơ pháp lý" 2. Click nút Cấu hình hiển thị | F41: Hiển thị popup Cấu hình hiển thị gồm: tiêu đề "Cấu hình hiển thị", icon X, ô tìm kiếm trường thông tin, danh sách cột kèm checkbox theo đúng thứ tự trên lưới: - STT: mặc định check - Ngày báo cáo: mặc định check (disable) - Mã tệp: mặc định uncheck - Tên tệp: mặc định uncheck - Mã đầu mối: mặc định check (disable) - Mã khách hàng: mặc định check (disable) - Tên khách hàng: mặc định check - CCCD/MSDN: mặc định check - Địa chỉ: mặc định check - Loại khách hàng: mặc định uncheck - Mã CIC: mặc định check - Nhóm khách hàng: mặc định check - Trạng thái: mặc định check - Ngày cập nhật: mặc định uncheck - Người cập nhật: mặc định uncheck - Thao tác: mặc định check (disable) - Button Bỏ chọn, Chọn tất cả, Áp dụng (BR-021, CMP-025) | G41: Trung bình
A42: =IF(F42="","",ROW()-19-COUNTBLANK($F$20:F42)) | B42: Kiểm tra title popup Cấu hình hiển thị
A43: =IF(F43="","",ROW()-19-COUNTBLANK($F$20:F43)) -> 19 | B43: Kiểm tra hiển thị title | C43: Kiểm tra hiển thị title | E43: 1. Mở màn hình "Danh sách hồ sơ pháp lý", chọn Loại KH = Cá nhân, Mã đầu mối = 31358001, Mã tệp = D11, click Tìm kiếm, click button Cấu hình hiển thị 2. Kiểm tra hiển thị title | F43: Title cố định: "Cấu hình hiển thị" | G43: Thấp
A44: =IF(F44="","",ROW()-19-COUNTBLANK($F$20:F44)) -> 20 | B44: Kiểm tra chỉnh sửa title | C44: Kiểm tra chỉnh sửa title | E44: 1. Mở màn hình "Danh sách hồ sơ pháp lý", chọn Loại KH = Cá nhân, Mã đầu mối = 31358001, Mã tệp = D11, click Tìm kiếm, click button Cấu hình hiển thị 2. Click vào title | F44: Không được chỉnh sửa | G44: Thấp
A45: =IF(F45="","",ROW()-19-COUNTBLANK($F$20:F45)) | B45: Kiểm tra ô tìm kiếm trường thông tin trên popup Cấu hình hiển thị
A46: =IF(F46="","",ROW()-19-COUNTBLANK($F$20:F46)) -> 21 | B46: Kiểm tra giá trị mặc định | C46: Kiểm tra giá trị mặc định | E46: 1. Mở màn hình "Danh sách hồ sơ pháp lý", chọn Loại KH = Cá nhân, Mã đầu mối = 31358001, Mã tệp = D11, click Tìm kiếm, click button Cấu hình hiển thị 2. Kiểm tra giá trị mặc định ô tìm kiếm | F46: Mặc định bỏ trống | G46: Trung bình
A47: =IF(F47="","",ROW()-19-COUNTBLANK($F$20:F47)) -> 22 | B47: Kiểm tra bỏ trống | C47: Kiểm tra bỏ trống | E47: 1. Mở màn hình "Danh sách hồ sơ pháp lý", chọn Loại KH = Cá nhân, Mã đầu mối = 31358001, Mã tệp = D11, click Tìm kiếm, click button Cấu hình hiển thị 2. Bỏ trống ô tìm kiếm 3. Focus out | F47: Hệ thống cho phép bỏ trống; hiển thị đủ danh sách cột | G47: Trung bình
A48: =IF(F48="","",ROW()-19-COUNTBLANK($F$20:F48)) -> 23 | B48: Kiểm tra nhập tìm kiếm | C48: Nhập tìm kiếm giá trị có trong danh sách | D48: Tìm kiếm tương đối: 'Mã' | E48: 1. Mở màn hình "Danh sách hồ sơ pháp lý", chọn Loại KH = Cá nhân, Mã đầu mối = 31358001, Mã tệp = D11, click Tìm kiếm, click button Cấu hình hiển thị 2. Click vào ô tìm kiếm 3. Nhập 'Mã' | F48: Hiển thị các cột chứa 'Mã': Mã tệp, Mã đầu mối, Mã khách hàng, Mã CIC | G48: Trung bình
A49: =IF(F49="","",ROW()-19-COUNTBLANK($F$20:F49)) -> 24 | D49: Tìm kiếm tuyệt đối: 'Nhóm khách hàng' | E49: 1. Mở màn hình "Danh sách hồ sơ pháp lý", chọn Loại KH = Cá nhân, Mã đầu mối = 31358001, Mã tệp = D11, click Tìm kiếm, click button Cấu hình hiển thị 2. Click vào ô tìm kiếm 3. Nhập 'Nhóm khách hàng' | F49: Hiển thị đúng cột Nhóm khách hàng | G49: Trung bình
A50: =IF(F50="","",ROW()-19-COUNTBLANK($F$20:F50)) -> 25 | C50: Nhập tìm kiếm giá trị không có trong danh sách | D50: 'Dung lượng' | E50: 1. Mở màn hình "Danh sách hồ sơ pháp lý", chọn Loại KH = Cá nhân, Mã đầu mối = 31358001, Mã tệp = D11, click Tìm kiếm, click button Cấu hình hiển thị 2. Click vào ô tìm kiếm 3. Nhập 'Dung lượng' | F50: Không hiển thị cột nào trong danh sách | G50: Trung bình
A51: =IF(F51="","",ROW()-19-COUNTBLANK($F$20:F51)) -> 26 | B51: Kiểm tra khi nhập giá trị | C51: Kiểm tra khi nhập khoảng trắng | D51: Nhập toàn khoảng trắng | E51: 1. Mở màn hình "Danh sách hồ sơ pháp lý", chọn Loại KH = Cá nhân, Mã đầu mối = 31358001, Mã tệp = D11, click Tìm kiếm, click button Cấu hình hiển thị 2. Tại ô tìm kiếm, nhập toàn khoảng trắng 3. Focus out | F51: Hệ thống tự động trim khoảng trắng khi focus out | G51: Trung bình
A52: =IF(F52="","",ROW()-19-COUNTBLANK($F$20:F52)) -> 27 | D52: Nhập khoảng trắng ở đầu cuối ký tự | E52: 1. Mở màn hình "Danh sách hồ sơ pháp lý", chọn Loại KH = Cá nhân, Mã đầu mối = 31358001, Mã tệp = D11, click Tìm kiếm, click button Cấu hình hiển thị 2. Nhập ' Mã CIC ' 3. Focus out | F52: Hệ thống tự động trim khoảng trắng khi focus out | G52: Trung bình
A53: =IF(F53="","",ROW()-19-COUNTBLANK($F$20:F53)) -> 28 | D53: Nhập khoảng trắng ở giữa ký tự | E53: 1. Mở màn hình "Danh sách hồ sơ pháp lý", chọn Loại KH = Cá nhân, Mã đầu mối = 31358001, Mã tệp = D11, click Tìm kiếm, click button Cấu hình hiển thị 2. Nhập 'Mã CIC' 3. Focus out | F53: Hệ thống cho phép nhập | G53: Trung bình
A54: =IF(F54="","",ROW()-19-COUNTBLANK($F$20:F54)) -> 29 | D54: Nhập nhiều khoảng trắng ở giữa các ký tự | E54: 1. Mở màn hình "Danh sách hồ sơ pháp lý", chọn Loại KH = Cá nhân, Mã đầu mối = 31358001, Mã tệp = D11, click Tìm kiếm, click button Cấu hình hiển thị 2. Nhập 'Mã CIC' 3. Focus out | F54: Hệ thống cho phép nhập | G54: Trung bình
A55: =IF(F55="","",ROW()-19-COUNTBLANK($F$20:F55)) -> 30 | C55: Kiểm tra nhập maxlength | D55: Nhập < 100 ký tự | E55: 1. Mở màn hình "Danh sách hồ sơ pháp lý", chọn Loại KH = Cá nhân, Mã đầu mối = 31358001, Mã tệp = D11, click Tìm kiếm, click button Cấu hình hiển thị 2. Nhập 99 ký tự 3. Focus out | F55: Hệ thống cho phép nhập | G55: Trung bình
A56: =IF(F56="","",ROW()-19-COUNTBLANK($F$20:F56)) -> 31 | D56: Nhập = 100 ký tự | E56: 1. Mở màn hình "Danh sách hồ sơ pháp lý", chọn Loại KH = Cá nhân, Mã đầu mối = 31358001, Mã tệp = D11, click Tìm kiếm, click button Cấu hình hiển thị 2. Nhập 100 ký tự 3. Focus out | F56: Hệ thống cho phép nhập | G56: Trung bình
A57: =IF(F57="","",ROW()-19-COUNTBLANK($F$20:F57)) -> 32 | D57: Nhập > 100 ký tự | E57: 1. Mở màn hình "Danh sách hồ sơ pháp lý", chọn Loại KH = Cá nhân, Mã đầu mối = 31358001, Mã tệp = D11, click Tìm kiếm, click button Cấu hình hiển thị 2. Nhập 101 ký tự 3. Focus out | F57: Hệ thống chặn không cho nhập quá maxlength | G57: Trung bình
A58: =IF(F58="","",ROW()-19-COUNTBLANK($F$20:F58)) -> 33 | C58: Kiểm tra khi nhập ký tự số | D58: '123' | E58: 1. Mở màn hình "Danh sách hồ sơ pháp lý", chọn Loại KH = Cá nhân, Mã đầu mối = 31358001, Mã tệp = D11, click Tìm kiếm, click button Cấu hình hiển thị 2. Nhập ký tự số | F58: Hệ thống cho phép nhập | G58: Thấp
A59: =IF(F59="","",ROW()-19-COUNTBLANK($F$20:F59)) -> 34 | C59: Kiểm tra khi nhập ký tự đặc biệt | D59: '/@#' | E59: 1. Mở màn hình "Danh sách hồ sơ pháp lý", chọn Loại KH = Cá nhân, Mã đầu mối = 31358001, Mã tệp = D11, click Tìm kiếm, click button Cấu hình hiển thị 2. Nhập ký tự đặc biệt | F59: Hệ thống cho phép nhập | G59: Thấp
A60: =IF(F60="","",ROW()-19-COUNTBLANK($F$20:F60)) -> 35 | C60: Kiểm tra khi nhập ký tự chữ in hoa | D60: 'MÃ CIC' | E60: 1. Mở màn hình "Danh sách hồ sơ pháp lý", chọn Loại KH = Cá nhân, Mã đầu mối = 31358001, Mã tệp = D11, click Tìm kiếm, click button Cấu hình hiển thị 2. Nhập chữ in hoa | F60: Hệ thống cho phép nhập; kết quả tìm không phân biệt hoa thường | G60: Thấp
A61: =IF(F61="","",ROW()-19-COUNTBLANK($F$20:F61)) -> 36 | C61: Kiểm tra khi nhập ký tự chữ in thường | D61: 'mã cic' | E61: 1. Mở màn hình "Danh sách hồ sơ pháp lý", chọn Loại KH = Cá nhân, Mã đầu mối = 31358001, Mã tệp = D11, click Tìm kiếm, click button Cấu hình hiển thị 2. Nhập chữ in thường | F61: Hệ thống cho phép nhập; kết quả tìm không phân biệt hoa thường | G61: Thấp
A62: =IF(F62="","",ROW()-19-COUNTBLANK($F$20:F62)) -> 37 | C62: Kiểm tra nhập ký tự chữ có dấu, tiếng Việt | D62: 'Người cập nhật' | E62: 1. Mở màn hình "Danh sách hồ sơ pháp lý", chọn Loại KH = Cá nhân, Mã đầu mối = 31358001, Mã tệp = D11, click Tìm kiếm, click button Cấu hình hiển thị 2. Nhập chữ có dấu | F62: Hệ thống cho phép nhập | G62: Thấp
A63: =IF(F63="","",ROW()-19-COUNTBLANK($F$20:F63)) -> 38 | B63: Kiểm tra khi copy/paste giá trị | C63: Kiểm tra khi copy/paste khoảng trắng | D63: Copy/paste toàn khoảng trắng | E63: 1. Mở màn hình "Danh sách hồ sơ pháp lý", chọn Loại KH = Cá nhân, Mã đầu mối = 31358001, Mã tệp = D11, click Tìm kiếm, click button Cấu hình hiển thị 2. Copy/paste toàn khoảng trắng 3. Focus out | F63: Hệ thống cho phép copy/paste; trim khi focus out | G63: Trung bình
A64: =IF(F64="","",ROW()-19-COUNTBLANK($F$20:F64)) -> 39 | D64: Copy/paste khoảng trắng ở đầu cuối ký tự | E64: 1. Mở màn hình "Danh sách hồ sơ pháp lý", chọn Loại KH = Cá nhân, Mã đầu mối = 31358001, Mã tệp = D11, click Tìm kiếm, click button Cấu hình hiển thị 2. Copy/paste ' Mã CIC ' 3. Focus out | F64: Hệ thống cho phép copy/paste; trim khi focus out | G64: Trung bình
A65: =IF(F65="","",ROW()-19-COUNTBLANK($F$20:F65)) -> 40 | D65: Copy/paste khoảng trắng ở giữa ký tự | E65: 1. Mở màn hình "Danh sách hồ sơ pháp lý", chọn Loại KH = Cá nhân, Mã đầu mối = 31358001, Mã tệp = D11, click Tìm kiếm, click button Cấu hình hiển thị 2. Copy/paste 'Mã CIC' 3. Focus out | F65: Hệ thống cho phép copy/paste | G65: Trung bình
A66: =IF(F66="","",ROW()-19-COUNTBLANK($F$20:F66)) -> 41 | D66: Copy/paste nhiều khoảng trắng ở giữa các ký tự | E66: 1. Mở màn hình "Danh sách hồ sơ pháp lý", chọn Loại KH = Cá nhân, Mã đầu mối = 31358001, Mã tệp = D11, click Tìm kiếm, click button Cấu hình hiển thị 2. Copy/paste 'Mã CIC' 3. Focus out | F66: Hệ thống cho phép copy/paste | G66: Trung bình
A67: =IF(F67="","",ROW()-19-COUNTBLANK($F$20:F67)) -> 42 | C67: Kiểm tra copy/paste maxlength | D67: Copy/paste = 100 ký tự | E67: 1. Mở màn hình "Danh sách hồ sơ pháp lý", chọn Loại KH = Cá nhân, Mã đầu mối = 31358001, Mã tệp = D11, click Tìm kiếm, click button Cấu hình hiển thị 2. Copy/paste 100 ký tự 3. Focus out | F67: Hệ thống cho phép copy/paste | G67: Trung bình
A68: =IF(F68="","",ROW()-19-COUNTBLANK($F$20:F68)) -> 43 | D68: Copy/paste > 100 ký tự | E68: 1. Mở màn hình "Danh sách hồ sơ pháp lý", chọn Loại KH = Cá nhân, Mã đầu mối = 31358001, Mã tệp = D11, click Tìm kiếm, click button Cấu hình hiển thị 2. Copy/paste 101 ký tự 3. Focus out | F68: Hệ thống chặn không cho nhập quá maxlength (cắt còn 100 ký tự) | G68: Trung bình
A69: =IF(F69="","",ROW()-19-COUNTBLANK($F$20:F69)) -> 44 | C69: Kiểm tra khi copy/paste ký tự số | D69: '123' | E69: 1. Mở màn hình "Danh sách hồ sơ pháp lý", chọn Loại KH = Cá nhân, Mã đầu mối = 31358001, Mã tệp = D11, click Tìm kiếm, click button Cấu hình hiển thị 2. Copy/paste ký tự số | F69: Hệ thống cho phép copy/paste | G69: Thấp
A70: =IF(F70="","",ROW()-19-COUNTBLANK($F$20:F70)) -> 45 | C70: Kiểm tra khi copy/paste ký tự đặc biệt | D70: '/@#' | E70: 1. Mở màn hình "Danh sách hồ sơ pháp lý", chọn Loại KH = Cá nhân, Mã đầu mối = 31358001, Mã tệp = D11, click Tìm kiếm, click button Cấu hình hiển thị 2. Copy/paste ký tự đặc biệt | F70: Hệ thống cho phép copy/paste | G70: Thấp
A71: =IF(F71="","",ROW()-19-COUNTBLANK($F$20:F71)) -> 46 | C71: Kiểm tra khi copy/paste ký tự chữ in hoa | D71: 'MÃ CIC' | E71: 1. Mở màn hình "Danh sách hồ sơ pháp lý", chọn Loại KH = Cá nhân, Mã đầu mối = 31358001, Mã tệp = D11, click Tìm kiếm, click button Cấu hình hiển thị 2. Copy/paste chữ in hoa | F71: Hệ thống cho phép copy/paste | G71: Thấp
A72: =IF(F72="","",ROW()-19-COUNTBLANK($F$20:F72)) -> 47 | C72: Kiểm tra khi copy/paste ký tự chữ in thường | D72: 'mã cic' | E72: 1. Mở màn hình "Danh sách hồ sơ pháp lý", chọn Loại KH = Cá nhân, Mã đầu mối = 31358001, Mã tệp = D11, click Tìm kiếm, click button Cấu hình hiển thị 2. Copy/paste chữ in thường | F72: Hệ thống cho phép copy/paste | G72: Thấp
A73: =IF(F73="","",ROW()-19-COUNTBLANK($F$20:F73)) -> 48 | C73: Kiểm tra copy/paste ký tự chữ có dấu, tiếng Việt | D73: 'Người cập nhật' | E73: 1. Mở màn hình "Danh sách hồ sơ pháp lý", chọn Loại KH = Cá nhân, Mã đầu mối = 31358001, Mã tệp = D11, click Tìm kiếm, click button Cấu hình hiển thị 2. Copy/paste chữ có dấu | F73: Hệ thống cho phép copy/paste | G73: Thấp
A74: =IF(F74="","",ROW()-19-COUNTBLANK($F$20:F74)) | B74: Kiểm tra checkbox trên popup Cấu hình hiển thị
A75: =IF(F75="","",ROW()-19-COUNTBLANK($F$20:F75)) -> 49 | B75: Kiểm tra hiển thị checkbox | C75: Kiểm tra hiển thị | E75: 1. Mở màn hình "Danh sách hồ sơ pháp lý", chọn Loại KH = Cá nhân, Mã đầu mối = 31358001, Mã tệp = D11, click Tìm kiếm, click button Cấu hình hiển thị 2. Kiểm tra hiển thị checkbox | F75: Hiển thị căn chỉnh hợp lý như trong SRS; mỗi cột một checkbox | G75: Trung bình
A76: =IF(F76="","",ROW()-19-COUNTBLANK($F$20:F76)) -> 50 | B76: Kiểm tra giá trị mặc định checkbox | C76: Kiểm tra giá trị mặc định | E76: 1. Mở màn hình "Danh sách hồ sơ pháp lý", chọn Loại KH = Cá nhân, Mã đầu mối = 31358001, Mã tệp = D11, click Tìm kiếm, click button Cấu hình hiển thị 2. Kiểm tra giá trị mặc định | F76: Trạng thái mặc định các checkbox: - STT: mặc định check - Ngày báo cáo: mặc định check (disable) - Mã tệp: mặc định uncheck - Tên tệp: mặc định uncheck - Mã đầu mối: mặc định check (disable) - Mã khách hàng: mặc định check (disable) - Tên khách hàng: mặc định check - CCCD/MSDN: mặc định check - Địa chỉ: mặc định check - Loại khách hàng: mặc định uncheck - Mã CIC: mặc định check - Nhóm khách hàng: mặc định check - Trạng thái: mặc định check - Ngày cập nhật: mặc định uncheck - Người cập nhật: mặc định uncheck - Thao tác: mặc định check (disable) (BR-021) | G76: Cao
A77: =IF(F77="","",ROW()-19-COUNTBLANK($F$20:F77)) -> 51 | B77: Kiểm tra onclick checkbox | C77: STT | E77: 1. Mở màn hình "Danh sách hồ sơ pháp lý", chọn Loại KH = Cá nhân, Mã đầu mối = 31358001, Mã tệp = D11, click Tìm kiếm, click button Cấu hình hiển thị 2. Click vào checkbox STT | F77: Checkbox mặc định check và enable, cho phép check/uncheck — sau Áp dụng, cột hiển thị/ẩn trên lưới tương ứng | G77: Trung bình
A78: =IF(F78="","",ROW()-19-COUNTBLANK($F$20:F78)) -> 52 | C78: Ngày báo cáo | E78: 1. Mở màn hình "Danh sách hồ sơ pháp lý", chọn Loại KH = Cá nhân, Mã đầu mối = 31358001, Mã tệp = D11, click Tìm kiếm, click button Cấu hình hiển thị 2. Click vào checkbox Ngày báo cáo | F78: Checkbox ở trạng thái check và disable, không cho phép thao tác (cột/bộ lọc bắt buộc) | G78: Cao
A79: =IF(F79="","",ROW()-19-COUNTBLANK($F$20:F79)) -> 53 | C79: Mã tệp | E79: 1. Mở màn hình "Danh sách hồ sơ pháp lý", chọn Loại KH = Cá nhân, Mã đầu mối = 31358001, Mã tệp = D11, click Tìm kiếm, click button Cấu hình hiển thị 2. Click vào checkbox Mã tệp | F79: Checkbox mặc định uncheck và enable, cho phép check/uncheck — sau Áp dụng, cột hiển thị/ẩn trên lưới tương ứng | G79: Trung bình
A80: =IF(F80="","",ROW()-19-COUNTBLANK($F$20:F80)) -> 54 | C80: Tên tệp | E80: 1. Mở màn hình "Danh sách hồ sơ pháp lý", chọn Loại KH = Cá nhân, Mã đầu mối = 31358001, Mã tệp = D11, click Tìm kiếm, click button Cấu hình hiển thị 2. Click vào checkbox Tên tệp | F80: Checkbox mặc định uncheck và enable, cho phép check/uncheck — sau Áp dụng, cột hiển thị/ẩn trên lưới tương ứng | G80: Trung bình
A81: =IF(F81="","",ROW()-19-COUNTBLANK($F$20:F81)) -> 55 | C81: Mã đầu mối | E81: 1. Mở màn hình "Danh sách hồ sơ pháp lý", chọn Loại KH = Cá nhân, Mã đầu mối = 31358001, Mã tệp = D11, click Tìm kiếm, click button Cấu hình hiển thị 2. Click vào checkbox Mã đầu mối | F81: Checkbox ở trạng thái check và disable, không cho phép thao tác (cột/bộ lọc bắt buộc) | G81: Cao
A82: =IF(F82="","",ROW()-19-COUNTBLANK($F$20:F82)) -> 56 | C82: Mã khách hàng | E82: 1. Mở màn hình "Danh sách hồ sơ pháp lý", chọn Loại KH = Cá nhân, Mã đầu mối = 31358001, Mã tệp = D11, click Tìm kiếm, click button Cấu hình hiển thị 2. Click vào checkbox Mã khách hàng | F82: Checkbox ở trạng thái check và disable, không cho phép thao tác (cột/bộ lọc bắt buộc) | G82: Cao
A83: =IF(F83="","",ROW()-19-COUNTBLANK($F$20:F83)) -> 57 | C83: Tên khách hàng | E83: 1. Mở màn hình "Danh sách hồ sơ pháp lý", chọn Loại KH = Cá nhân, Mã đầu mối = 31358001, Mã tệp = D11, click Tìm kiếm, click button Cấu hình hiển thị 2. Click vào checkbox Tên khách hàng | F83: Checkbox mặc định check và enable, cho phép check/uncheck — sau Áp dụng, cột hiển thị/ẩn trên lưới tương ứng | G83: Trung bình
A84: =IF(F84="","",ROW()-19-COUNTBLANK($F$20:F84)) -> 58 | C84: CCCD/MSDN | E84: 1. Mở màn hình "Danh sách hồ sơ pháp lý", chọn Loại KH = Cá nhân, Mã đầu mối = 31358001, Mã tệp = D11, click Tìm kiếm, click button Cấu hình hiển thị 2. Click vào checkbox CCCD/MSDN | F84: Checkbox mặc định check và enable, cho phép check/uncheck — sau Áp dụng, cột hiển thị/ẩn trên lưới tương ứng | G84: Trung bình
A85: =IF(F85="","",ROW()-19-COUNTBLANK($F$20:F85)) -> 59 | C85: Địa chỉ | E85: 1. Mở màn hình "Danh sách hồ sơ pháp lý", chọn Loại KH = Cá nhân, Mã đầu mối = 31358001, Mã tệp = D11, click Tìm kiếm, click button Cấu hình hiển thị 2. Click vào checkbox Địa chỉ | F85: Checkbox mặc định check và enable, cho phép check/uncheck — sau Áp dụng, cột hiển thị/ẩn trên lưới tương ứng | G85: Trung bình
A86: =IF(F86="","",ROW()-19-COUNTBLANK($F$20:F86)) -> 60 | C86: Loại khách hàng | E86: 1. Mở màn hình "Danh sách hồ sơ pháp lý", chọn Loại KH = Cá nhân, Mã đầu mối = 31358001, Mã tệp = D11, click Tìm kiếm, click button Cấu hình hiển thị 2. Click vào checkbox Loại khách hàng | F86: Checkbox mặc định uncheck và enable, cho phép check/uncheck — sau Áp dụng, cột hiển thị/ẩn trên lưới tương ứng | G86: Trung bình
A87: =IF(F87="","",ROW()-19-COUNTBLANK($F$20:F87)) -> 61 | C87: Mã CIC | E87: 1. Mở màn hình "Danh sách hồ sơ pháp lý", chọn Loại KH = Cá nhân, Mã đầu mối = 31358001, Mã tệp = D11, click Tìm kiếm, click button Cấu hình hiển thị 2. Click vào checkbox Mã CIC | F87: Checkbox mặc định check và enable, cho phép check/uncheck — sau Áp dụng, cột hiển thị/ẩn trên lưới tương ứng | G87: Trung bình
A88: =IF(F88="","",ROW()-19-COUNTBLANK($F$20:F88)) -> 62 | C88: Nhóm khách hàng | E88: 1. Mở màn hình "Danh sách hồ sơ pháp lý", chọn Loại KH = Cá nhân, Mã đầu mối = 31358001, Mã tệp = D11, click Tìm kiếm, click button Cấu hình hiển thị 2. Click vào checkbox Nhóm khách hàng | F88: Checkbox mặc định check và enable, cho phép check/uncheck — sau Áp dụng, cột hiển thị/ẩn trên lưới tương ứng | G88: Trung bình
A89: =IF(F89="","",ROW()-19-COUNTBLANK($F$20:F89)) -> 63 | C89: Trạng thái | E89: 1. Mở màn hình "Danh sách hồ sơ pháp lý", chọn Loại KH = Cá nhân, Mã đầu mối = 31358001, Mã tệp = D11, click Tìm kiếm, click button Cấu hình hiển thị 2. Click vào checkbox Trạng thái | F89: Checkbox mặc định check và enable, cho phép check/uncheck — sau Áp dụng, cột hiển thị/ẩn trên lưới tương ứng | G89: Trung bình
... A92: =IF(F92="","",ROW()-19-COUNTBLANK($F$20:F92)) -> 66 | C92: Thao tác | E92: 1. Mở màn hình "Danh sách hồ sơ pháp lý", chọn Loại KH = Cá nhân, Mã đầu mối = 31358001, Mã tệp = D11, click Tìm kiếm, click button Cấu hình hiển thị 2. Click vào checkbox Thao tác | F92: Checkbox ở trạng thái check và disable, không cho phép thao tác (cột/bộ lọc bắt buộc) | G92: Cao
A93: =IF(F93="","",ROW()-19-COUNTBLANK($F$20:F93)) -> 67 | B93: Kiểm tra kéo thả các trường | C93: STT | E93: 1. Mở màn hình "Danh sách hồ sơ pháp lý", chọn Loại KH = Cá nhân, Mã đầu mối = 31358001, Mã tệp = D11, click Tìm kiếm, click button Cấu hình hiển thị 2. Giữ và kéo trường STT sang vị trí khác 3. Click Áp dụng | F93: Được phép kéo thả trường; sau Áp dụng, thứ tự cột trên lưới thay đổi tương ứng (BR-021) | G93: Trung bình
A94: =IF(F94="","",ROW()-19-COUNTBLANK($F$20:F94)) -> 68 | C94: Ngày báo cáo | E94: 1. Mở màn hình "Danh sách hồ sơ pháp lý", chọn Loại KH = Cá nhân, Mã đầu mối = 31358001, Mã tệp = D11, click Tìm kiếm, click button Cấu hình hiển thị 2. Giữ và kéo trường Ngày báo cáo sang vị trí khác 3. Click Áp dụng | F94: Được phép kéo thả trường; sau Áp dụng, thứ tự cột trên lưới thay đổi tương ứng (BR-021) | G94: Trung bình
A95: =IF(F95="","",ROW()-19-COUNTBLANK($F$20:F95)) -> 69 | C95: Mã tệp | E95: 1. Mở màn hình "Danh sách hồ sơ pháp lý", chọn Loại KH = Cá nhân, Mã đầu mối = 31358001, Mã tệp = D11, click Tìm kiếm, click button Cấu hình hiển thị 2. Giữ và kéo trường Mã tệp sang vị trí khác 3. Click Áp dụng | F95: Được phép kéo thả trường; sau Áp dụng, thứ tự cột trên lưới thay đổi tương ứng (BR-021) | G95: Trung bình
A96: =IF(F96="","",ROW()-19-COUNTBLANK($F$20:F96)) -> 70 | C96: Tên tệp | E96: 1. Mở màn hình "Danh sách hồ sơ pháp lý", chọn Loại KH = Cá nhân, Mã đầu mối = 31358001, Mã tệp = D11, click Tìm kiếm, click button Cấu hình hiển thị 2. Giữ và kéo trường Tên tệp sang vị trí khác 3. Click Áp dụng | F96: Được phép kéo thả trường; sau Áp dụng, thứ tự cột trên lưới thay đổi tương ứng (BR-021) | G96: Trung bình
A97: =IF(F97="","",ROW()-19-COUNTBLANK($F$20:F97)) -> 71 | C97: Mã đầu mối | E97: 1. Mở màn hình "Danh sách hồ sơ pháp lý", chọn Loại KH = Cá nhân, Mã đầu mối = 31358001, Mã tệp = D11, click Tìm kiếm, click button Cấu hình hiển thị 2. Giữ và kéo trường Mã đầu mối sang vị trí khác 3. Click Áp dụng | F97: Được phép kéo thả trường; sau Áp dụng, thứ tự cột trên lưới thay đổi tương ứng (BR-021) | G97: Trung bình
A98: =IF(F98="","",ROW()-19-COUNTBLANK($F$20:F98)) -> 72 | C98: Mã khách hàng | E98: 1. Mở màn hình "Danh sách hồ sơ pháp lý", chọn Loại KH = Cá nhân, Mã đầu mối = 31358001, Mã tệp = D11, click Tìm kiếm, click button Cấu hình hiển thị 2. Giữ và kéo trường Mã khách hàng sang vị trí khác 3. Click Áp dụng | F98: Được phép kéo thả trường; sau Áp dụng, thứ tự cột trên lưới thay đổi tương ứng (BR-021) | G98: Trung bình
A99: =IF(F99="","",ROW()-19-COUNTBLANK($F$20:F99)) -> 73 | C99: Tên khách hàng | E99: 1. Mở màn hình "Danh sách hồ sơ pháp lý", chọn Loại KH = Cá nhân, Mã đầu mối = 31358001, Mã tệp = D11, click Tìm kiếm, click button Cấu hình hiển thị 2. Giữ và kéo trường Tên khách hàng sang vị trí khác 3. Click Áp dụng | F99: Được phép kéo thả trường; sau Áp dụng, thứ tự cột trên lưới thay đổi tương ứng (BR-021) | G99: Trung bình
A100: =IF(F100="","",ROW()-19-COUNTBLANK($F$20:F100)) -> 74 | C100: CCCD/MSDN | E100: 1. Mở màn hình "Danh sách hồ sơ pháp lý", chọn Loại KH = Cá nhân, Mã đầu mối = 31358001, Mã tệp = D11, click Tìm kiếm, click button Cấu hình hiển thị 2. Giữ và kéo trường CCCD/MSDN sang vị trí khác 3. Click Áp dụng | F100: Được phép kéo thả trường; sau Áp dụng, thứ tự cột trên lưới thay đổi tương ứng (BR-021) | G100: Trung bình
A101: =IF(F101="","",ROW()-19-COUNTBLANK($F$20:F101)) -> 75 | C101: Địa chỉ | E101: 1. Mở màn hình "Danh sách hồ sơ pháp lý", chọn Loại KH = Cá nhân, Mã đầu mối = 31358001, Mã tệp = D11, click Tìm kiếm, click button Cấu hình hiển thị 2. Giữ và kéo trường Địa chỉ sang vị trí khác 3. Click Áp dụng | F101: Được phép kéo thả trường; sau Áp dụng, thứ tự cột trên lưới thay đổi tương ứng (BR-021) | G101: Trung bình
A102: =IF(F102="","",ROW()-19-COUNTBLANK($F$20:F102)) -> 76 | C102: Loại khách hàng | E102: 1. Mở màn hình "Danh sách hồ sơ pháp lý", chọn Loại KH = Cá nhân, Mã đầu mối = 31358001, Mã tệp = D11, click Tìm kiếm, click button Cấu hình hiển thị 2. Giữ và kéo trường Loại khách hàng sang vị trí khác 3. Click Áp dụng | F102: Được phép kéo thả trường; sau Áp dụng, thứ tự cột trên lưới thay đổi tương ứng (BR-021) | G102: Trung bình
A103: =IF(F103="","",ROW()-19-COUNTBLANK($F$20:F103)) -> 77 | C103: Mã CIC | E103: 1. Mở màn hình "Danh sách hồ sơ pháp lý", chọn Loại KH = Cá nhân, Mã đầu mối = 31358001, Mã tệp = D11, click Tìm kiếm, click button Cấu hình hiển thị 2. Giữ và kéo trường Mã CIC sang vị trí khác 3. Click Áp dụng | F103: Được phép kéo thả trường; sau Áp dụng, thứ tự cột trên lưới thay đổi tương ứng (BR-021) | G103: Trung bình
A104: =IF(F104="","",ROW()-19-COUNTBLANK($F$20:F104)) -> 78 | C104: Nhóm khách hàng | E104: 1. Mở màn hình "Danh sách hồ sơ pháp lý", chọn Loại KH = Cá nhân, Mã đầu mối = 31358001, Mã tệp = D11, click Tìm kiếm, click button Cấu hình hiển thị 2. Giữ và kéo trường Nhóm khách hàng sang vị trí khác 3. Click Áp dụng | F104: Được phép kéo thả trường; sau Áp dụng, thứ tự cột trên lưới thay đổi tương ứng (BR-021) | G104: Trung bình
A105: =IF(F105="","",ROW()-19-COUNTBLANK($F$20:F105)) -> 79 | C105: Trạng thái | E105: 1. Mở màn hình "Danh sách hồ sơ pháp lý", chọn Loại KH = Cá nhân, Mã đầu mối = 31358001, Mã tệp = D11, click Tìm kiếm, click button Cấu hình hiển thị 2. Giữ và kéo trường Trạng thái sang vị trí khác 3. Click Áp dụng | F105: Được phép kéo thả trường; sau Áp dụng, thứ tự cột trên lưới thay đổi tương ứng (BR-021) | G105: Trung bình
... A108: =IF(F108="","",ROW()-19-COUNTBLANK($F$20:F108)) -> 82 | C108: Thao tác | E108: 1. Mở màn hình "Danh sách hồ sơ pháp lý", chọn Loại KH = Cá nhân, Mã đầu mối = 31358001, Mã tệp = D11, click Tìm kiếm, click button Cấu hình hiển thị 2. Giữ và kéo trường Thao tác sang vị trí khác 3. Click Áp dụng | F108: Được phép kéo thả trường; sau Áp dụng, thứ tự cột trên lưới thay đổi tương ứng (BR-021) | G108: Trung bình
A109: =IF(F109="","",ROW()-19-COUNTBLANK($F$20:F109)) | B109: Kiểm tra button Bỏ chọn (popup Cấu hình hiển thị)
...

Sheet M2_ChiTiet_D10D11
B1: KỊCH BẢN KIỂM THỬ CHỨC NĂNG
B3: Tên màn hình/Tên chức năng | C3: Popup "Xem chi tiết hồ sơ pháp lý tệp D10/D11" (FEAT-XLDL-009-02) | E3: KBNV
B4: Mã trường hợp kiểm thử | C4: HSPL | E4: TKCT
B6: Manual test
B7: Số trường hợp kiểm thử đạt (P) | C7: =COUNTIF($O$20:$O$218,"P") -> 0
B8: Số trường hợp kiểm thử không đạt (F) | C8: =COUNTIF($O$20:$O$218,"F") -> 0
B9: Số trường hợp kiểm thử đang xem xét (PE) | C9: =COUNTIF($O$20:$O$218,"PE") -> 0
B10: Số trường hợp kiểm thử chưa thực hiện | C10: =C11-C7-C8-C9 -> 174
B11: Tổng số trường hợp kiểm thử | C11: =COUNTA($F$20:$F$218) -> 174
A15: ID | B15: Mục đích kiểm thử | C15: Trường hợp kiểm thử | D15: Data test | E15: Các bước thực hiện | F15: Kết quả mong muốn | G15: Mức độ nghiêm trọng | H15: Hình ảnh | I15: Manual Test | O15: Kết quả test (M) | P15: Mã lỗi | Q15: Ghi chú
I16: WEB
I17: Lần 1 | J17: Ngày thực hiện | K17: Lần 2 | L17: Ngày thực hiện | M17: Lần 3 | N17: Ngày thực hiện
B18: Pre-condition: - Đăng nhập tài khoản cbxl01 (ROLE-CBTTXLDL, phân quyền TCTD 31358001 và 79202501) - Menu: Thu thập và xử lý dữ liệu > Xử lý dữ liệu > Hồ sơ pháp lý - Kho tiền dữ liệu có hồ sơ pháp lý hợp lệ tệp D10, D11, Q11 của cả KH Cá nhân và Tổ chức, ở đủ 4 trạng thái Chờ cấp mã / Chờ xem xét / Đã xử lý / Từ chối
B19: Giao diện (Phần này viết các trường hợp kiểm thử cho giao diện chung và các giao diện cho các control)
A20: =IF(F20="","",ROW()-19-COUNTBLANK($F$20:F20)) | B20: Kiểm tra giao diện chung
A21: =IF(F21="","",ROW()-19-COUNTBLANK($F$20:F21)) -> 1 | B21: Kiểm tra hiển thị màn hình mặc định | C21: Hiển thị popup "Xem chi tiết hồ sơ pháp lý tệp D10/D11" khi mở | E21: 1. Tại màn hình "Danh sách hồ sơ pháp lý" (Cá nhân, 31358001, D11) mở menu Thao tác → Xem của hồ sơ cá nhân 2. Quan sát popup "Xem chi tiết hồ sơ pháp lý tệp D10/D11" | F21: Popup "Xem chi tiết hồ sơ pháp lý tệp D10/D11" hiển thị: - 2 tab: Thông tin hồ sơ (đang chọn), Lịch sử cập nhật - Thẻ: Tên khách hàng, Đầu mối báo cáo, Mã khách hàng, Loại khách hàng, Nhóm khách hàng, Mã CIC, Trạng thái (badge), Lý do (khi Đã xử lý/Từ chối), Tên tệp - Nhóm Thông tin khai báo chung: KB001, KB002, KB003, KB004 - Các nhóm chỉ tiêu theo Loại khách hàng - Nút Đóng | G21: Cao
A22: =IF(F22="","",ROW()-19-COUNTBLANK($F$20:F22)) -> 2 | B22: Kiểm tra tổng thể giao diện màn hình | C22: Bố cục, font chữ, căn lề, dấu (*), chính tả | E22: 1. Tại màn hình "Danh sách hồ sơ pháp lý" (Cá nhân, 31358001, D11) mở menu Thao tác → Xem của hồ sơ cá nhân 2. Quan sát toàn bộ label, control, button | F22: 1. Label, control có kích thước, khoảng cách đồng đều, không xô lệch 2. Cùng một font, cỡ chữ; label căn trái 3. Trường bắt buộc có dấu (*) 4. Không có lỗi chính tả, ngữ pháp | G22: Trung bình
A23: =IF(F23="","",ROW()-19-COUNTBLANK($F$20:F23)) -> 3 | B23: Kiểm tra thứ tự di chuyển con trỏ khi nhấn phím Tab | C23: Nhấn Tab liên tục từ control đầu tiên | E23: 1. Tại màn hình "Danh sách hồ sơ pháp lý" (Cá nhân, 31358001, D11) mở menu Thao tác → Xem của hồ sơ cá nhân 2. Nhấn phím Tab liên tục | F23: Con trỏ di chuyển lần lượt: Tab Thông tin hồ sơ → Tab Lịch sử cập nhật → vùng nội dung → nút Đóng | G23: Trung bình
A24: =IF(F24="","",ROW()-19-COUNTBLANK($F$20:F24)) -> 4 | B24: Kiểm tra thứ tự di chuyển con trỏ khi nhấn phím Shift+Tab | C24: Nhấn Shift+Tab liên tục từ control cuối cùng | E24: 1. Tại màn hình "Danh sách hồ sơ pháp lý" (Cá nhân, 31358001, D11) mở menu Thao tác → Xem của hồ sơ cá nhân 2. Focus control cuối cùng 3. Nhấn Shift+Tab liên tục | F24: Con trỏ di chuyển theo thứ tự ngược lại với phím Tab (từ dưới lên trên, từ phải sang trái) | G24: Trung bình
A25: =IF(F25="","",ROW()-19-COUNTBLANK($F$20:F25)) -> 5 | B25: Kiểm tra phím Enter | C25: Nhấn Enter khi đang focus control | E25: 1. Tại màn hình "Danh sách hồ sơ pháp lý" (Cá nhân, 31358001, D11) mở menu Thao tác → Xem của hồ sơ cá nhân 2. Focus control 3. Nhấn phím Enter | F25: Focus nút Đóng và nhấn Enter → đóng popup; focus tab và nhấn Enter → chuyển tab | G25: Trung bình
A26: =IF(F26="","",ROW()-19-COUNTBLANK($F$20:F26)) -> 6 | B26: Kiểm tra tính năng responsive màn hình | C26: Thay đổi mức zoom bằng Ctrl+− / Ctrl+= | D26: Zoom 75%, 100%, 125%, 150% | E26: 1. Tại màn hình "Danh sách hồ sơ pháp lý" (Cá nhân, 31358001, D11) mở menu Thao tác → Xem của hồ sơ cá nhân 2. Nhấn Ctrl+− / Ctrl+= để đổi mức zoom | F26: Layout hiển thị hài hòa, không tràn khung, không vỡ giao diện ở mọi mức zoom | G26: Thấp
A27: =IF(F27="","",ROW()-19-COUNTBLANK($F$20:F27)) -> 7 | B27: Kiểm tra ngôn ngữ tiếng Việt chuẩn hành chính | C27: Rà toàn bộ nhãn, từ viết tắt trên màn hình | D27: Từ viết tắt: KH, TCTD, TTQT, QHTD, CIC, C06 | E27: 1. Tại màn hình "Danh sách hồ sơ pháp lý" (Cá nhân, 31358001, D11) mở menu Thao tác → Xem của hồ sơ cá nhân 2. Rà các nhãn, giá trị có từ viết tắt | F27: Không có từ viết tắt không được định nghĩa; từ viết tắt có tooltip giải thích (Quy tắc component) | G27: Thấp
A28: =IF(F28="","",ROW()-19-COUNTBLANK($F$20:F28)) | B28: Kiểm tra title Xem chi tiết hồ sơ pháp lý
A29: =IF(F29="","",ROW()-19-COUNTBLANK($F$20:F29)) -> 8 | B29: Kiểm tra hiển thị title | C29: Kiểm tra hiển thị title | E29: 1. Tại màn hình "Danh sách hồ sơ pháp lý" (Cá nhân, 31358001, D11) mở menu Thao tác → Xem của hồ sơ cá nhân 2. Kiểm tra hiển thị title | F29: Title cố định mặc định: "Xem chi tiết hồ sơ pháp lý" | G29: Thấp
A30: =IF(F30="","",ROW()-19-COUNTBLANK($F$20:F30)) -> 9 | B30: Kiểm tra chỉnh sửa title | C30: Kiểm tra chỉnh sửa title | E30: 1. Tại màn hình "Danh sách hồ sơ pháp lý" (Cá nhân, 31358001, D11) mở menu Thao tác → Xem của hồ sơ cá nhân 2. Click / thử nhập vào title | F30: Không cho phép chỉnh sửa | G30: Thấp
A31: =IF(F31="","",ROW()-19-COUNTBLANK($F$20:F31)) | B31: Kiểm tra Tabs
A32: =IF(F32="","",ROW()-19-COUNTBLANK($F$20:F32)) -> 10 | B32: Kiểm tra tab mặc định | C32: Tab mở sẵn khi vào màn | E32: 1. Tại màn hình "Danh sách hồ sơ pháp lý" (Cá nhân, 31358001, D11) mở menu Thao tác → Xem của hồ sơ cá nhân | F32: Tab Thông tin hồ sơ được chọn mặc định (BR-028, AC#1) | G32: Cao
A33: =IF(F33="","",ROW()-19-COUNTBLANK($F$20:F33)) -> 11 | B33: Kiểm tra chuyển sang tab lịch sử cập nhật | C33: Click tab Lịch sử cập nhật | E33: 1. Tại màn hình "Danh sách hồ sơ pháp lý" (Cá nhân, 31358001, D11) mở menu Thao tác → Xem của hồ sơ cá nhân 2. Click tab Lịch sử cập nhật | F33: Hiển thị bảng lịch sử của khách hàng; tab được highlight | G33: Cao
A34: =IF(F34="","",ROW()-19-COUNTBLANK($F$20:F34)) -> 12 | B34: Kiểm tra quay lại tab thông tin hồ sơ | C34: Click lại tab Thông tin hồ sơ | E34: 1. Tại màn hình "Danh sách hồ sơ pháp lý" (Cá nhân, 31358001, D11) mở menu Thao tác → Xem của hồ sơ cá nhân, chọn tab Lịch sử cập nhật 2. Click tab Thông tin hồ sơ | F34: Hiển thị lại thông tin hồ sơ, không tải lại popup (ALT-01) | G34: Trung bình
A35: =IF(F35="","",ROW()-19-COUNTBLANK($F$20:F35)) -> 13 | B35: Kiểm tra chuyển tab bằng bàn phím | C35: Ctrl+Tab / Ctrl+Shift+Tab | E35: 1. Tại màn hình "Danh sách hồ sơ pháp lý" (Cá nhân, 31358001, D11) mở menu Thao tác → Xem của hồ sơ cá nhân 2. Nhấn Ctrl+Tab 3. Nhấn Ctrl+Shift+Tab | F35: Chuyển qua lại giữa 2 tab (Quy tắc component) | G35: Thấp
A36: =IF(F36="","",ROW()-19-COUNTBLANK($F$20:F36)) | B36: Kiểm tra thẻ thông tin hồ sơ
A37: =IF(F37="","",ROW()-19-COUNTBLANK($F$20:F37)) -> 14 | B37: Kiểm tra hiển thị trường tên khách hàng | C37: Hiển thị Tên khách hàng | E37: 1. Tại màn hình "Danh sách hồ sơ pháp lý" (Cá nhân, 31358001, D11) mở menu Thao tác → Xem của hồ sơ cá nhân 2. Quan sát Tên khách hàng | F37: Hiển thị nhãn "Tên khách hàng" và giá trị: TTC04; chỉ đọc | G37: Trung bình
A38: =IF(F38="","",ROW()-19-COUNTBLANK($F$20:F38)) -> 15 | B38: Kiểm tra hiển thị trường đầu mối báo cáo | C38: Hiển thị Đầu mối báo cáo | E38: 1. Tại màn hình "Danh sách hồ sơ pháp lý" (Cá nhân, 31358001, D11) mở menu Thao tác → Xem của hồ sơ cá nhân 2. Quan sát Đầu mối báo cáo | F38: Hiển thị nhãn "Đầu mối báo cáo" và giá trị: TTC00, hiển thị mã - tên (assumption Q37); chỉ đọc | G38: Trung bình
A39: =IF(F39="","",ROW()-19-COUNTBLANK($F$20:F39)) -> 16 | B39: Kiểm tra hiển thị trường mã khách hàng | C39: Hiển thị Mã khách hàng | E39: 1. Tại màn hình "Danh sách hồ sơ pháp lý" (Cá nhân, 31358001, D11) mở menu Thao tác → Xem của hồ sơ cá nhân 2. Quan sát Mã khách hàng | F39: Hiển thị nhãn "Mã khách hàng" và giá trị: TTC03; chỉ đọc | G39: Trung bình
A40: =IF(F40="","",ROW()-19-COUNTBLANK($F$20:F40)) -> 17 | B40: Kiểm tra hiển thị trường loại khách hàng | C40: Hiển thị Loại khách hàng | E40: 1. Tại màn hình "Danh sách hồ sơ pháp lý" (Cá nhân, 31358001, D11) mở menu Thao tác → Xem của hồ sơ cá nhân 2. Quan sát Loại khách hàng | F40: Hiển thị nhãn "Loại khách hàng" và giá trị: Cá nhân hoặc Tổ chức; chỉ đọc | G40: Trung bình
A41: =IF(F41="","",ROW()-19-COUNTBLANK($F$20:F41)) -> 18 | B41: Kiểm tra hiển thị trường nhóm khách hàng | C41: Hiển thị Nhóm khách hàng | E41: 1. Tại màn hình "Danh sách hồ sơ pháp lý" (Cá nhân, 31358001, D11) mở menu Thao tác → Xem của hồ sơ cá nhân 2. Quan sát Nhóm khách hàng | F41: Hiển thị nhãn "Nhóm khách hàng" và giá trị: Một trong 4 nhóm (BR-016); chỉ đọc | G41: Trung bình
A42: =IF(F42="","",ROW()-19-COUNTBLANK($F$20:F42)) -> 19 | B42: Kiểm tra hiển thị trường mã cic | C42: Hiển thị Mã CIC | E42: 1. Tại màn hình "Danh sách hồ sơ pháp lý" (Cá nhân, 31358001, D11) mở menu Thao tác → Xem của hồ sơ cá nhân 2. Quan sát Mã CIC | F42: Hiển thị nhãn "Mã CIC" và giá trị: Mã CIC nếu có; trống khi Chờ cấp mã; chỉ đọc | G42: Trung bình
A43: =IF(F43="","",ROW()-19-COUNTBLANK($F$20:F43)) -> 20 | B43: Kiểm tra hiển thị trường tên tệp | C43: Hiển thị Tên tệp | E43: 1. Tại màn hình "Danh sách hồ sơ pháp lý" (Cá nhân, 31358001, D11) mở menu Thao tác → Xem của hồ sơ cá nhân 2. Quan sát Tên tệp | F43: Hiển thị nhãn "Tên tệp" và giá trị: Giá trị đang lưu tại CSDL; chỉ đọc | G43: Trung bình
A44: =IF(F44="","",ROW()-19-COUNTBLANK($F$20:F44)) -> 21 | B44: Kiểm tra hiển thị Lý do theo trạng thái | C44: Hồ sơ Đã xử lý do cán bộ cập nhật | D44: Lý do 'Đã đối chiếu với đơn vị' | E44: 1. Tại màn hình "Danh sách hồ sơ pháp lý" (Cá nhân, 31358001, D11) mở menu Thao tác → Xem của hồ sơ cá nhân | F44: Hiển thị Lý do đang lưu (BR-029) | G44: Cao
A45: =IF(F45="","",ROW()-19-COUNTBLANK($F$20:F45)) -> 22 | C45: Hồ sơ Từ chối | D45: Lý do 'Sai số CCCD' | E45: 1. Tại màn hình "Danh sách hồ sơ pháp lý" (Cá nhân, 31358001, D11) mở menu Thao tác → Xem của hồ sơ cá nhân | F45: Hiển thị Lý do từ chối đang lưu (BR-029) | G45: Cao
A46: =IF(F46="","",ROW()-19-COUNTBLANK($F$20:F46)) -> 23 | C46: Hồ sơ Chờ xem xét | E46: 1. Tại màn hình "Danh sách hồ sơ pháp lý" (Cá nhân, 31358001, D11) mở menu Thao tác → Xem của hồ sơ cá nhân | F46: Không hiển thị trường Lý do (BR-029, AC#2) | G46: Cao
A47: =IF(F47="","",ROW()-19-COUNTBLANK($F$20:F47)) -> 24 | C47: Hồ sơ Chờ cấp mã | E47: 1. Tại màn hình "Danh sách hồ sơ pháp lý" (Cá nhân, 31358001, D11) mở menu Thao tác → Xem của hồ sơ cá nhân | F47: Không hiển thị trường Lý do (BR-029) | G47: Cao
A48: =IF(F48="","",ROW()-19-COUNTBLANK($F$20:F48)) | B48: Kiểm tra badge trạng thái
A49: =IF(F49="","",ROW()-19-COUNTBLANK($F$20:F49)) -> 25 | B49: Kiểm tra vị trí và màu sắc badge | C49: Badge trạng thái trên thẻ | D49: 4 hồ sơ ở 4 trạng thái | E49: 1. Tại màn hình "Danh sách hồ sơ pháp lý" (Cá nhân, 31358001, D11) mở menu Thao tác → Xem của hồ sơ cá nhân | F49: Màu nhãn cùng tông với cột Trạng thái ở màn hình "Danh sách hồ sơ pháp lý" (xám/cam/xanh lá/đỏ) | G49: Trung bình
A50: =IF(F50="","",ROW()-19-COUNTBLANK($F$20:F50)) -> 26 | B50: Kiểm tra tính chỉ đọc của badge | C50: Click vào badge | E50: 1. Tại màn hình "Danh sách hồ sơ pháp lý" (Cá nhân, 31358001, D11) mở menu Thao tác → Xem của hồ sơ cá nhân 2. Click badge | F50: Không đổi trạng thái | G50: Thấp
A51: =IF(F51="","",ROW()-19-COUNTBLANK($F$20:F51)) | B51: Kiểm tra nhóm Thông tin khai báo chung
A52: =IF(F52="","",ROW()-19-COUNTBLANK($F$20:F52)) -> 27 | B52: Kiểm tra hiển thị chỉ tiêu khai báo chung | C52: Mã và giá trị các chỉ tiêu KB | D52: KB001, KB002, KB003, KB004 | E52: 1. Tại màn hình "Danh sách hồ sơ pháp lý" (Cá nhân, 31358001, D11) mở menu Thao tác → Xem của hồ sơ cá nhân 2. Quan sát nhóm Thông tin khai báo chung | F52: Hiển thị đủ KB001, KB002, KB003, KB004 với giá trị đang lưu tại CSDL (BR-028) | G52: Cao
A53: =IF(F53="","",ROW()-19-COUNTBLANK($F$20:F53)) -> 28 | B53: Kiểm tra hiển thị từng chỉ tiêu nhóm Thông tin khai báo chung | C53: Chỉ tiêu KB001 | D53: KB001 | E53: 1. Tại màn hình "Danh sách hồ sơ pháp lý" (Cá nhân, 31358001, D11) mở menu Thao tác → Xem của hồ sơ cá nhân 2. Quan sát dòng KB001 3. Hover vào mã KB001 | F53: Hiển thị mã KB001 và giá trị đang lưu tại CSDL; tooltip đúng tên chỉ tiêu KB001 theo danh mục chỉ tiêu; chỉ đọc (BR-028, BR-030) | G53: Trung bình
A54: =IF(F54="","",ROW()-19-COUNTBLANK($F$20:F54)) -> 29 | C54: Chỉ tiêu KB002 | D54: KB002 | E54: 1. Tại màn hình "Danh sách hồ sơ pháp lý" (Cá nhân, 31358001, D11) mở menu Thao tác → Xem của hồ sơ cá nhân 2. Quan sát dòng KB002 3. Hover vào mã KB002 | F54: Hiển thị mã KB002 và giá trị đang lưu tại CSDL; tooltip đúng tên chỉ tiêu KB002 theo danh mục chỉ tiêu; chỉ đọc (BR-028, BR-030) | G54: Trung bình
A55: =IF(F55="","",ROW()-19-COUNTBLANK($F$20:F55)) -> 30 | C55: Chỉ tiêu KB003 | D55: KB003 | E55: 1. Tại màn hình "Danh sách hồ sơ pháp lý" (Cá nhân, 31358001, D11) mở menu Thao tác → Xem của hồ sơ cá nhân 2. Quan sát dòng KB003 3. Hover vào mã KB003 | F55: Hiển thị mã KB003 và giá trị đang lưu tại CSDL; tooltip đúng tên chỉ tiêu KB003 theo danh mục chỉ tiêu; chỉ đọc (BR-028, BR-030) | G55: Trung bình
A56: =IF(F56="","",ROW()-19-COUNTBLANK($F$20:F56)) -> 31 | C56: Chỉ tiêu KB004 | D56: KB004 | E56: 1. Tại màn hình "Danh sách hồ sơ pháp lý" (Cá nhân, 31358001, D11) mở menu Thao tác → Xem của hồ sơ cá nhân 2. Quan sát dòng KB004 3. Hover vào mã KB004 | F56: Hiển thị mã KB004 và giá trị đang lưu tại CSDL; tooltip đúng tên chỉ tiêu KB004 theo danh mục chỉ tiêu; chỉ đọc (BR-028, BR-030) | G56: Trung bình
A57: =IF(F57="","",ROW()-19-COUNTBLANK($F$20:F57)) | B57: Kiểm tra nhóm chỉ tiêu khách hàng tổ chức
A58: =IF(F58="","",ROW()-19-COUNTBLANK($F$20:F58)) -> 32 | B58: Kiểm tra hiển thị nhóm thông tin định danh | C58: Nhóm "Thông tin định danh" | D58: TTC03, TTC04 | E58: 1. Tại màn hình "Danh sách hồ sơ pháp lý" (Tổ chức, 31358001, D11) mở menu Thao tác → Xem của hồ sơ tổ chức 2. Quan sát nhóm Thông tin định danh | F58: Hiển thị tiêu đề nhóm "Thông tin định danh" và đủ 2 chỉ tiêu TTC03, TTC04: mã chỉ tiêu + giá trị đang lưu; chỉ đọc (BR-028, BR-030) | G58: Cao
A59: =IF(F59="","",ROW()-19-COUNTBLANK($F$20:F59)) -> 33 | B59: Kiểm tra hiển thị từng chỉ tiêu nhóm Thông tin định danh (tổ chức) | C59: Chỉ tiêu TTC03 | D59: TTC03 | E59: 1. Tại màn hình "Danh sách hồ sơ pháp lý" (Tổ chức, 31358001, D11) mở menu Thao tác → Xem của hồ sơ tổ chức 2. Quan sát dòng TTC03 3. Hover vào mã TTC03 | F59: Hiển thị mã TTC03 và giá trị đang lưu tại CSDL; tooltip đúng tên chỉ tiêu TTC03 theo danh mục chỉ tiêu; chỉ đọc (BR-028, BR-030) | G59: Trung bình
A60: =IF(F60="","",ROW()-19-COUNTBLANK($F$20:F60)) -> 34 | C60: Chỉ tiêu TTC04 | D60: TTC04 | E60: 1. Tại màn hình "Danh sách hồ sơ pháp lý" (Tổ chức, 31358001, D11) mở menu Thao tác → Xem của hồ sơ tổ chức 2. Quan sát dòng TTC04 3. Hover vào mã TTC04 | F60: Hiển thị mã TTC04 và giá trị đang lưu tại CSDL; tooltip đúng tên chỉ tiêu TTC04 theo danh mục chỉ tiêu; chỉ đọc (BR-028, BR-030) | G60: Trung bình
A61: =IF(F61="","",ROW()-19-COUNTBLANK($F$20:F61)) -> 35 | B61: Kiểm tra hiển thị nhóm thông tin chung | C61: Nhóm "Thông tin chung" | D61: TC001, TC002, TC003, TC004, TC005, TC006, TC007, TC008, TC009, TC010 | E61: 1. Tại màn hình "Danh sách hồ sơ pháp lý" (Tổ chức, 31358001, D11) mở menu Thao tác → Xem của hồ sơ tổ chức 2. Quan sát nhóm Thông tin chung | F61: Hiển thị tiêu đề nhóm "Thông tin chung" và đủ 10 chỉ tiêu TC001, TC002, TC003, TC004, TC005, TC006, TC007, TC008, TC009, TC010: mã chỉ tiêu + giá trị đang lưu; chỉ đọc (BR-028, BR-030) | G61: Cao
A62: =IF(F62="","",ROW()-19-COUNTBLANK($F$20:F62)) -> 36 | B62: Kiểm tra hiển thị từng chỉ tiêu nhóm Thông tin chung (tổ chức) | C62: Chỉ tiêu TC001 | D62: TC001 | E62: 1. Tại màn hình "Danh sách hồ sơ pháp lý" (Tổ chức, 31358001, D11) mở menu Thao tác → Xem của hồ sơ tổ chức 2. Quan sát dòng TC001 3. Hover vào mã TC001 | F62: Hiển thị mã TC001 và giá trị đang lưu tại CSDL; tooltip đúng tên chỉ tiêu TC001 theo danh mục chỉ tiêu; chỉ đọc (BR-028, BR-030) | G62: Trung bình
A63: =IF(F63="","",ROW()-19-COUNTBLANK($F$20:F63)) -> 37 | C63: Chỉ tiêu TC002 | D63: TC002 | E63: 1. Tại màn hình "Danh sách hồ sơ pháp lý" (Tổ chức, 31358001, D11) mở menu Thao tác → Xem của hồ sơ tổ chức 2. Quan sát dòng TC002 3. Hover vào mã TC002 | F63: Hiển thị mã TC002 và giá trị đang lưu tại CSDL; tooltip đúng tên chỉ tiêu TC002 theo danh mục chỉ tiêu; chỉ đọc (BR-028, BR-030) | G63: Trung bình
A64: =IF(F64="","",ROW()-19-COUNTBLANK($F$20:F64)) -> 38 | C64: Chỉ tiêu TC003 | D64: TC003 | E64: 1. Tại màn hình "Danh sách hồ sơ pháp lý" (Tổ chức, 31358001, D11) mở menu Thao tác → Xem của hồ sơ tổ chức 2. Quan sát dòng TC003 3. Hover vào mã TC003 | F64: Hiển thị mã TC003 và giá trị đang lưu tại CSDL; tooltip đúng tên chỉ tiêu TC003 theo danh mục chỉ tiêu; chỉ đọc (BR-028, BR-030) | G64: Trung bình
A65: =IF(F65="","",ROW()-19-COUNTBLANK($F$20:F65)) -> 39 | C65: Chỉ tiêu TC004 | D65: TC004 | E65: 1. Tại màn hình "Danh sách hồ sơ pháp lý" (Tổ chức, 31358001, D11) mở menu Thao tác → Xem của hồ sơ tổ chức 2. Quan sát dòng TC004 3. Hover vào mã TC004 | F65: Hiển thị mã TC004 và giá trị đang lưu tại CSDL; tooltip đúng tên chỉ tiêu TC004 theo danh mục chỉ tiêu; chỉ đọc (BR-028, BR-030) | G65: Trung bình
A66: =IF(F66="","",ROW()-19-COUNTBLANK($F$20:F66)) -> 40 | C66: Chỉ tiêu TC005 | D66: TC005 | E66: 1. Tại màn hình "Danh sách hồ sơ pháp lý" (Tổ chức, 31358001, D11) mở menu Thao tác → Xem của hồ sơ tổ chức 2. Quan sát dòng TC005 3. Hover vào mã TC005 | F66: Hiển thị mã TC005 và giá trị đang lưu tại CSDL; tooltip đúng tên chỉ tiêu TC005 theo danh mục chỉ tiêu; chỉ đọc (BR-028, BR-030) | G66: Trung bình
A67: =IF(F67="","",ROW()-19-COUNTBLANK($F$20:F67)) -> 41 | C67: Chỉ tiêu TC006 | D67: TC006 | E67: 1. Tại màn hình "Danh sách hồ sơ pháp lý" (Tổ chức, 31358001, D11) mở menu Thao tác → Xem của hồ sơ tổ chức 2. Quan sát dòng TC006 3. Hover vào mã TC006 | F67: Hiển thị mã TC006 và giá trị đang lưu tại CSDL; tooltip đúng tên chỉ tiêu TC006 theo danh mục chỉ tiêu; chỉ đọc (BR-028, BR-030) | G67: Trung bình
A68: =IF(F68="","",ROW()-19-COUNTBLANK($F$20:F68)) -> 42 | C68: Chỉ tiêu TC007 | D68: TC007 | E68: 1. Tại màn hình "Danh sách hồ sơ pháp lý" (Tổ chức, 31358001, D11) mở menu Thao tác → Xem của hồ sơ tổ chức 2. Quan sát dòng TC007 3. Hover vào mã TC007 | F68: Hiển thị mã TC007 và giá trị đang lưu tại CSDL; tooltip đúng tên chỉ tiêu TC007 theo danh mục chỉ tiêu; chỉ đọc (BR-028, BR-030) | G68: Trung bình
A69: =IF(F69="","",ROW()-19-COUNTBLANK($F$20:F69)) -> 43 | C69: Chỉ tiêu TC008 | D69: TC008 | E69: 1. Tại màn hình "Danh sách hồ sơ pháp lý" (Tổ chức, 31358001, D11) mở menu Thao tác → Xem của hồ sơ tổ chức 2. Quan sát dòng TC008 3. Hover vào mã TC008 | F69: Hiển thị mã TC008 và giá trị đang lưu tại CSDL; tooltip đúng tên chỉ tiêu TC008 theo danh mục chỉ tiêu; chỉ đọc (BR-028, BR-030) | G69: Trung bình
A70: =IF(F70="","",ROW()-19-COUNTBLANK($F$20:F70)) -> 44 | C70: Chỉ tiêu TC009 | D70: TC009 | E70: 1. Tại màn hình "Danh sách hồ sơ pháp lý" (Tổ chức, 31358001, D11) mở menu Thao tác → Xem của hồ sơ tổ chức 2. Quan sát dòng TC009 3. Hover vào mã TC009 | F70: Hiển thị mã TC009 và giá trị đang lưu tại CSDL; tooltip đúng tên chỉ tiêu TC009 theo danh mục chỉ tiêu; chỉ đọc (BR-028, BR-030) | G70: Trung bình
A71: =IF(F71="","",ROW()-19-COUNTBLANK($F$20:F71)) -> 45 | C71: Chỉ tiêu TC010 | D71: TC010 | E71: 1. Tại màn hình "Danh sách hồ sơ pháp lý" (Tổ chức, 31358001, D11) mở menu Thao tác → Xem của hồ sơ tổ chức 2. Quan sát dòng TC010 3. Hover vào mã TC010 | F71: Hiển thị mã TC010 và giá trị đang lưu tại CSDL; tooltip đúng tên chỉ tiêu TC010 theo danh mục chỉ tiêu; chỉ đọc (BR-028, BR-030) | G71: Trung bình
A72: =IF(F72="","",ROW()-19-COUNTBLANK($F$20:F72)) -> 46 | B72: Kiểm tra hiển thị nhóm thông tin pháp lý | C72: Nhóm "Thông tin pháp lý" | D72: TC011, TC012, TC013, TC014, TC015, TC016 | E72: 1. Tại màn hình "Danh sách hồ sơ pháp lý" (Tổ chức, 31358001, D11) mở menu Thao tác → Xem của hồ sơ tổ chức 2. Quan sát nhóm Thông tin pháp lý | F72: Hiển thị tiêu đề nhóm "Thông tin pháp lý" và đủ 6 chỉ tiêu TC011, TC012, TC013, TC014, TC015, TC016: mã chỉ tiêu + giá trị đang lưu; chỉ đọc (BR-028, BR-030) | G72: Cao
A73: =IF(F73="","",ROW()-19-COUNTBLANK($F$20:F73)) -> 47 | B73: Kiểm tra hiển thị từng chỉ tiêu nhóm Thông tin pháp lý (tổ chức) | C73: Chỉ tiêu TC011 | D73: TC011 | E73: 1. Tại màn hình "Danh sách hồ sơ pháp lý" (Tổ chức, 31358001, D11) mở menu Thao tác → Xem của hồ sơ tổ chức 2. Quan sát dòng TC011 3. Hover vào mã TC011 | F73: Hiển thị mã TC011 và giá trị đang lưu tại CSDL; tooltip đúng tên chỉ tiêu TC011 theo danh mục chỉ tiêu; chỉ đọc (BR-028, BR-030) | G73: Trung bình
A74: =IF(F74="","",ROW()-19-COUNTBLANK($F$20:F74)) -> 48 | C74: Chỉ tiêu TC012 | D74: TC012 | E74: 1. Tại màn hình "Danh sách hồ sơ pháp lý" (Tổ chức, 31358001, D11) mở menu Thao tác → Xem của hồ sơ tổ chức 2. Quan sát dòng TC012 3. Hover vào mã TC012 | F74: Hiển thị mã TC012 và giá trị đang lưu tại CSDL; tooltip đúng tên chỉ tiêu TC012 theo danh mục chỉ tiêu; chỉ đọc (BR-028, BR-030) | G74: Trung bình
A75: =IF(F75="","",ROW()-19-COUNTBLANK($F$20:F75)) -> 49 | C75: Chỉ tiêu TC013 | D75: TC013 | E75: 1. Tại màn hình "Danh sách hồ sơ pháp lý" (Tổ chức, 31358001, D11) mở menu Thao tác → Xem của hồ sơ tổ chức 2. Quan sát dòng TC013 3. Hover vào mã TC013 | F75: Hiển thị mã TC013 và giá trị đang lưu tại CSDL; tooltip đúng tên chỉ tiêu TC013 theo danh mục chỉ tiêu; chỉ đọc (BR-028, BR-030) | G75: Trung bình
A76: =IF(F76="","",ROW()-19-COUNTBLANK($F$20:F76)) -> 50 | C76: Chỉ tiêu TC014 | D76: TC014 | E76: 1. Tại màn hình "Danh sách hồ sơ pháp lý" (Tổ chức, 31358001, D11) mở menu Thao tác → Xem của hồ sơ tổ chức 2. Quan sát dòng TC014 3. Hover vào mã TC014 | F76: Hiển thị mã TC014 và giá trị đang lưu tại CSDL; tooltip đúng tên chỉ tiêu TC014 theo danh mục chỉ tiêu; chỉ đọc (BR-028, BR-030) | G76: Trung bình
A77: =IF(F77="","",ROW()-19-COUNTBLANK($F$20:F77)) -> 51 | C77: Chỉ tiêu TC015 | D77: TC015 | E77: 1. Tại màn hình "Danh sách hồ sơ pháp lý" (Tổ chức, 31358001, D11) mở menu Thao tác → Xem của hồ sơ tổ chức 2. Quan sát dòng TC015 3. Hover vào mã TC015 | F77: Hiển thị mã TC015 và giá trị đang lưu tại CSDL; tooltip đúng tên chỉ tiêu TC015 theo danh mục chỉ tiêu; chỉ đọc (BR-028, BR-030) | G77: Trung bình
A78: =IF(F78="","",ROW()-19-COUNTBLANK($F$20:F78)) -> 52 | C78: Chỉ tiêu TC016 | D78: TC016 | E78: 1. Tại màn hình "Danh sách hồ sơ pháp lý" (Tổ chức, 31358001, D11) mở menu Thao tác → Xem của hồ sơ tổ chức 2. Quan sát dòng TC016 3. Hover vào mã TC016 | F78: Hiển thị mã TC016 và giá trị đang lưu tại CSDL; tooltip đúng tên chỉ tiêu TC016 theo danh mục chỉ tiêu; chỉ đọc (BR-028, BR-030) | G78: Trung bình
A79: =IF(F79="","",ROW()-19-COUNTBLANK($F$20:F79)) -> 53 | B79: Kiểm tra hiển thị nhóm loại hình & ngành nghề | C79: Nhóm "Loại hình & ngành nghề" | D79: TC017, TC018 | E79: 1. Tại màn hình "Danh sách hồ sơ pháp lý" (Tổ chức, 31358001, D11) mở menu Thao tác → Xem của hồ sơ tổ chức 2. Quan sát nhóm Loại hình & ngành nghề | F79: Hiển thị tiêu đề nhóm "Loại hình & ngành nghề" và đủ 2 chỉ tiêu TC017, TC018: mã chỉ tiêu + giá trị đang lưu; chỉ đọc (BR-028, BR-030) | G79: Cao
A80: =IF(F80="","",ROW()-19-COUNTBLANK($F$20:F80)) -> 54 | B80: Kiểm tra hiển thị từng chỉ tiêu nhóm Loại hình & ngành nghề (tổ chức) | C80: Chỉ tiêu TC017 | D80: TC017 | E80: 1. Tại màn hình "Danh sách hồ sơ pháp lý" (Tổ chức, 31358001, D11) mở menu Thao tác → Xem của hồ sơ tổ chức 2. Quan sát dòng TC017 3. Hover vào mã TC017 | F80: Hiển thị mã TC017 và giá trị đang lưu tại CSDL; tooltip đúng tên chỉ tiêu TC017 theo danh mục chỉ tiêu; chỉ đọc (BR-028, BR-030) | G80: Trung bình
A81: =IF(F81="","",ROW()-19-COUNTBLANK($F$20:F81)) -> 55 | C81: Chỉ tiêu TC018 | D81: TC018 | E81: 1. Tại màn hình "Danh sách hồ sơ pháp lý" (Tổ chức, 31358001, D11) mở menu Thao tác → Xem của hồ sơ tổ chức 2. Quan sát dòng TC018 3. Hover vào mã TC018 | F81: Hiển thị mã TC018 và giá trị đang lưu tại CSDL; tooltip đúng tên chỉ tiêu TC018 theo danh mục chỉ tiêu; chỉ đọc (BR-028, BR-030) | G81: Trung bình
A82: =IF(F82="","",ROW()-19-COUNTBLANK($F$20:F82)) -> 56 | B82: Kiểm tra hiển thị nhóm tổng giám đốc/giám đốc | C82: Nhóm "Tổng giám đốc/Giám đốc" | D82: TC019, TC020, TC021 | E82: 1. Tại màn hình "Danh sách hồ sơ pháp lý" (Tổ chức, 31358001, D11) mở menu Thao tác → Xem của hồ sơ tổ chức 2. Quan sát nhóm Tổng giám đốc/Giám đốc | F82: Hiển thị tiêu đề nhóm "Tổng giám đốc/Giám đốc" và đủ 3 chỉ tiêu TC019, TC020, TC021: mã chỉ tiêu + giá trị đang lưu; chỉ đọc (BR-028, BR-030) | G82: Cao
A83: =IF(F83="","",ROW()-19-COUNTBLANK($F$20:F83)) -> 57 | B83: Kiểm tra hiển thị từng chỉ tiêu nhóm Tổng giám đốc/Giám đốc (tổ chức) | C83: Chỉ tiêu TC019 | D83: TC019 | E83: 1. Tại màn hình "Danh sách hồ sơ pháp lý" (Tổ chức, 31358001, D11) mở menu Thao tác → Xem của hồ sơ tổ chức 2. Quan sát dòng TC019 3. Hover vào mã TC019 | F83: Hiển thị mã TC019 và giá trị đang lưu tại CSDL; tooltip đúng tên chỉ tiêu TC019 theo danh mục chỉ tiêu; chỉ đọc (BR-028, BR-030) | G83: Trung bình
A84: =IF(F84="","",ROW()-19-COUNTBLANK($F$20:F84)) -> 58 | C84: Chỉ tiêu TC020 | D84: TC020 | E84: 1. Tại màn hình "Danh sách hồ sơ pháp lý" (Tổ chức, 31358001, D11) mở menu Thao tác → Xem của hồ sơ tổ chức 2. Quan sát dòng TC020 3. Hover vào mã TC020 | F84: Hiển thị mã TC020 và giá trị đang lưu tại CSDL; tooltip đúng tên chỉ tiêu TC020 theo danh mục chỉ tiêu; chỉ đọc (BR-028, BR-030) | G84: Trung bình
A85: =IF(F85="","",ROW()-19-COUNTBLANK($F$20:F85)) -> 59 | C85: Chỉ tiêu TC021 | D85: TC021 | E85: 1. Tại màn hình "Danh sách hồ sơ pháp lý" (Tổ chức, 31358001, D11) mở menu Thao tác → Xem của hồ sơ tổ chức 2. Quan sát dòng TC021 3. Hover vào mã TC021 | F85: Hiển thị mã TC021 và giá trị đang lưu tại CSDL; tooltip đúng tên chỉ tiêu TC021 theo danh mục chỉ tiêu; chỉ đọc (BR-028, BR-030) | G85: Trung bình
A86: =IF(F86="","",ROW()-19-COUNTBLANK($F$20:F86)) -> 60 | B86: Kiểm tra hiển thị nhóm thông tin thành viên | C86: Nhóm "Thông tin thành viên" | D86: TC022, TC023 | E86: 1. Tại màn hình "Danh sách hồ sơ pháp lý" (Tổ chức, 31358001, D11) mở menu Thao tác → Xem của hồ sơ tổ chức 2. Quan sát nhóm Thông tin thành viên | F86: Hiển thị tiêu đề nhóm "Thông tin thành viên" và đủ 2 chỉ tiêu TC022, TC023: mã chỉ tiêu + giá trị đang lưu; chỉ đọc (BR-028, BR-030) | G86: Cao
A87: =IF(F87="","",ROW()-19-COUNTBLANK($F$20:F87)) -> 61 | B87: Kiểm tra hiển thị từng chỉ tiêu nhóm Thông tin thành viên (tổ chức) | C87: Chỉ tiêu TC022 | D87: TC022 | E87: 1. Tại màn hình "Danh sách hồ sơ pháp lý" (Tổ chức, 31358001, D11) mở menu Thao tác → Xem của hồ sơ tổ chức 2. Quan sát dòng TC022 3. Hover vào mã TC022 | F87: Hiển thị mã TC022 và giá trị đang lưu tại CSDL; tooltip đúng tên chỉ tiêu TC022 theo danh mục chỉ tiêu; chỉ đọc (BR-028, BR-030) | G87: Trung bình
A88: =IF(F88="","",ROW()-19-COUNTBLANK($F$20:F88)) -> 62 | C88: Chỉ tiêu TC023 | D88: TC023 | E88: 1. Tại màn hình "Danh sách hồ sơ pháp lý" (Tổ chức, 31358001, D11) mở menu Thao tác → Xem của hồ sơ tổ chức 2. Quan sát dòng TC023 3. Hover vào mã TC023 | F88: Hiển thị mã TC023 và giá trị đang lưu tại CSDL; tooltip đúng tên chỉ tiêu TC023 theo danh mục chỉ tiêu; chỉ đọc (BR-028, BR-030) | G88: Trung bình
A89: =IF(F89="","",ROW()-19-COUNTBLANK($F$20:F89)) -> 63 | B89: Kiểm tra tooltip tên chỉ tiêu | C89: Di chuột vào mã chỉ tiêu | D89: TC001 | E89: 1. Tại màn hình "Danh sách hồ sơ pháp lý" (Tổ chức, 31358001, D11) mở menu Thao tác → Xem của hồ sơ tổ chức 2. Hover vào mã TC001 | F89: Hiển thị tooltip tên chỉ tiêu lấy từ danh mục chỉ tiêu (BR-030) | G89: Trung bình
A90: =IF(F90="","",ROW()-19-COUNTBLANK($F$20:F90)) | B90: Kiểm tra nhóm chỉ tiêu khách hàng cá nhân
A91: =IF(F91="","",ROW()-19-COUNTBLANK($F$20:F91)) -> 64 | B91: Kiểm tra hiển thị nhóm thông tin định danh | C91: Nhóm "Thông tin định danh" | D91: TTC03, TTC04 | E91: 1. Tại màn hình "Danh sách hồ sơ pháp lý" (Cá nhân, 31358001, D11) mở menu Thao tác → Xem của hồ sơ cá nhân 2. Quan sát nhóm Thông tin định danh | F91: Hiển thị tiêu đề nhóm "Thông tin định danh" và đủ 2 chỉ tiêu TTC03, TTC04: mã chỉ tiêu + giá trị đang lưu; chỉ đọc (BR-028, BR-030) | G91: Cao
A92: =IF(F92="","",ROW()-19-COUNTBLANK($F$20:F92)) -> 65 | B92: Kiểm tra hiển thị từng chỉ tiêu nhóm Thông tin định danh (cá nhân) | C92: Chỉ tiêu TTC03 | D92: TTC03 | E92: 1. Tại màn hình "Danh sách hồ sơ pháp lý" (Cá nhân, 31358001, D11) mở menu Thao tác → Xem của hồ sơ cá nhân 2. Quan sát dòng TTC03 3. Hover vào mã TTC03 | F92: Hiển thị mã TTC03 và giá trị đang lưu tại CSDL; tooltip đúng tên chỉ tiêu TTC03 theo danh mục chỉ tiêu; chỉ đọc (BR-028, BR-030) | G92: Trung bình
A93: =IF(F93="","",ROW()-19-COUNTBLANK($F$20:F93)) -> 66 | C93: Chỉ tiêu TTC04 | D93: TTC04 | E93: 1. Tại màn hình "Danh sách hồ sơ pháp lý" (Cá nhân, 31358001, D11) mở menu Thao tác → Xem của hồ sơ cá nhân 2. Quan sát dòng TTC04 3. Hover vào mã TTC04 | F93: Hiển thị mã TTC04 và giá trị đang lưu tại CSDL; tooltip đúng tên chỉ tiêu TTC04 theo danh mục chỉ tiêu; chỉ đọc (BR-028, BR-030) | G93: Trung bình
A94: =IF(F94="","",ROW()-19-COUNTBLANK($F$20:F94)) -> 67 | B94: Kiểm tra hiển thị nhóm thông tin chung | C94: Nhóm "Thông tin chung" | D94: CN001, CN002, CN003, CN004, CN005, CN006, CN007 | E94: 1. Tại màn hình "Danh sách hồ sơ pháp lý" (Cá nhân, 31358001, D11) mở menu Thao tác → Xem của hồ sơ cá nhân 2. Quan sát nhóm Thông tin chung | F94: Hiển thị tiêu đề nhóm "Thông tin chung" và đủ 7 chỉ tiêu CN001, CN002, CN003, CN004, CN005, CN006, CN007: mã chỉ tiêu + giá trị đang lưu; chỉ đọc (BR-028, BR-030) | G94: Cao
A95: =IF(F95="","",ROW()-19-COUNTBLANK($F$20:F95)) -> 68 | B95: Kiểm tra hiển thị từng chỉ tiêu nhóm Thông tin chung (cá nhân) | C95: Chỉ tiêu CN001 | D95: CN001 | E95: 1. Tại màn hình "Danh sách hồ sơ pháp lý" (Cá nhân, 31358001, D11) mở menu Thao tác → Xem của hồ sơ cá nhân 2. Quan sát dòng CN001 3. Hover vào mã CN001 | F95: Hiển thị mã CN001 và giá trị đang lưu tại CSDL; tooltip đúng tên chỉ tiêu CN001 theo danh mục chỉ tiêu; chỉ đọc (BR-028, BR-030) | G95: Trung bình
A96: =IF(F96="","",ROW()-19-COUNTBLANK($F$20:F96)) -> 69 | C96: Chỉ tiêu CN002 | D96: CN002 | E96: 1. Tại màn hình "Danh sách hồ sơ pháp lý" (Cá nhân, 31358001, D11) mở menu Thao tác → Xem của hồ sơ cá nhân 2. Quan sát dòng CN002 3. Hover vào mã CN002 | F96: Hiển thị mã CN002 và giá trị đang lưu tại CSDL; tooltip đúng tên chỉ tiêu CN002 theo danh mục chỉ tiêu; chỉ đọc (BR-028, BR-030) | G96: Trung bình
A97: =IF(F97="","",ROW()-19-COUNTBLANK($F$20:F97)) -> 70 | C97: Chỉ tiêu CN003 | D97: CN003 | E97: 1. Tại màn hình "Danh sách hồ sơ pháp lý" (Cá nhân, 31358001, D11) mở menu Thao tác → Xem của hồ sơ cá nhân 2. Quan sát dòng CN003 3. Hover vào mã CN003 | F97: Hiển thị mã CN003 và giá trị đang lưu tại CSDL; tooltip đúng tên chỉ tiêu CN003 theo danh mục chỉ tiêu; chỉ đọc (BR-028, BR-030) | G97: Trung bình
A98: =IF(F98="","",ROW()-19-COUNTBLANK($F$20:F98)) -> 71 | C98: Chỉ tiêu CN004 | D98: CN004 | E98: 1. Tại màn hình "Danh sách hồ sơ pháp lý" (Cá nhân, 31358001, D11) mở menu Thao tác → Xem của hồ sơ cá nhân 2. Quan sát dòng CN004 3. Hover vào mã CN004 | F98: Hiển thị mã CN004 và giá trị đang lưu tại CSDL; tooltip đúng tên chỉ tiêu CN004 theo danh mục chỉ tiêu; chỉ đọc (BR-028, BR-030) | G98: Trung bình
A99: =IF(F99="","",ROW()-19-COUNTBLANK($F$20:F99)) -> 72 | C99: Chỉ tiêu CN005 | D99: CN005 | E99: 1. Tại màn hình "Danh sách hồ sơ pháp lý" (Cá nhân, 31358001, D11) mở menu Thao tác → Xem của hồ sơ cá nhân 2. Quan sát dòng CN005 3. Hover vào mã CN005 | F99: Hiển thị mã CN005 và giá trị đang lưu tại CSDL; tooltip đúng tên chỉ tiêu CN005 theo danh mục chỉ tiêu; chỉ đọc (BR-028, BR-030) | G99: Trung bình
A100: =IF(F100="","",ROW()-19-COUNTBLANK($F$20:F100)) -> 73 | C100: Chỉ tiêu CN006 | D100: CN006 | E100: 1. Tại màn hình "Danh sách hồ sơ pháp lý" (Cá nhân, 31358001, D11) mở menu Thao tác → Xem của hồ sơ cá nhân 2. Quan sát dòng CN006 3. Hover vào mã CN006 | F100: Hiển thị mã CN006 và giá trị đang lưu tại CSDL; tooltip đúng tên chỉ tiêu CN006 theo danh mục chỉ tiêu; chỉ đọc (BR-028, BR-030) | G100: Trung bình
A101: =IF(F101="","",ROW()-19-COUNTBLANK($F$20:F101)) -> 74 | C101: Chỉ tiêu CN007 | D101: CN007 | E101: 1. Tại màn hình "Danh sách hồ sơ pháp lý" (Cá nhân, 31358001, D11) mở menu Thao tác → Xem của hồ sơ cá nhân 2. Quan sát dòng CN007 3. Hover vào mã CN007 | F101: Hiển thị mã CN007 và giá trị đang lưu tại CSDL; tooltip đúng tên chỉ tiêu CN007 theo danh mục chỉ tiêu; chỉ đọc (BR-028, BR-030) | G101: Trung bình
A102: =IF(F102="","",ROW()-19-COUNTBLANK($F$20:F102)) -> 75 | B102: Kiểm tra hiển thị nhóm thông tin pháp lý | C102: Nhóm "Thông tin pháp lý" | D102: CN008, CN009, CN010, CN011, CN012, CN013, CN014, CN015 | E102: 1. Tại màn hình "Danh sách hồ sơ pháp lý" (Cá nhân, 31358001, D11) mở menu Thao tác → Xem của hồ sơ cá nhân 2. Quan sát nhóm Thông tin pháp lý | F102: Hiển thị tiêu đề nhóm "Thông tin pháp lý" và đủ 8 chỉ tiêu CN008, CN009, CN010, CN011, CN012, CN013, CN014, CN015: mã chỉ tiêu + giá trị đang lưu; chỉ đọc (BR-028, BR-030) | G102: Cao
A103: =IF(F103="","",ROW()-19-COUNTBLANK($F$20:F103)) -> 76 | B103: Kiểm tra hiển thị từng chỉ tiêu nhóm Thông tin pháp lý (cá nhân) | C103: Chỉ tiêu CN008 | D103: CN008 | E103: 1. Tại màn hình "Danh sách hồ sơ pháp lý" (Cá nhân, 31358001, D11) mở menu Thao tác → Xem của hồ sơ cá nhân 2. Quan sát dòng CN008 3. Hover vào mã CN008 | F103: Hiển thị mã CN008 và giá trị đang lưu tại CSDL; tooltip đúng tên chỉ tiêu CN008 theo danh mục chỉ tiêu; chỉ đọc (BR-028, BR-030) | G103: Trung bình
A104: =IF(F104="","",ROW()-19-COUNTBLANK($F$20:F104)) -> 77 | C104: Chỉ tiêu CN009 | D104: CN009 | E104: 1. Tại màn hình "Danh sách hồ sơ pháp lý" (Cá nhân, 31358001, D11) mở menu Thao tác → Xem của hồ sơ cá nhân 2. Quan sát dòng CN009 3. Hover vào mã CN009 | F104: Hiển thị mã CN009 và giá trị đang lưu tại CSDL; tooltip đúng tên chỉ tiêu CN009 theo danh mục chỉ tiêu; chỉ đọc (BR-028, BR-030) | G104: Trung bình
A105: =IF(F105="","",ROW()-19-COUNTBLANK($F$20:F105)) -> 78 | C105: Chỉ tiêu CN010 | D105: CN010 | E105: 1. Tại màn hình "Danh sách hồ sơ pháp lý" (Cá nhân, 31358001, D11) mở menu Thao tác → Xem của hồ sơ cá nhân 2. Quan sát dòng CN010 3. Hover vào mã CN010 | F105: Hiển thị mã CN010 và giá trị đang lưu tại CSDL; tooltip đúng tên chỉ tiêu CN010 theo danh mục chỉ tiêu; chỉ đọc (BR-028, BR-030) | G105: Trung bình
...

Sheet M3_ChiTiet_Q11
B1: KỊCH BẢN KIỂM THỬ CHỨC NĂNG
B3: Tên màn hình/Tên chức năng | C3: Popup "Xem chi tiết hồ sơ pháp lý tệp Q11" (FEAT-XLDL-009-03) | E3: KBNV
B4: Mã trường hợp kiểm thử | C4: HSPL | E4: TKCT
B6: Manual test
B7: Số trường hợp kiểm thử đạt (P) | C7: =COUNTIF($O$20:$O$181,"P") -> 0
B8: Số trường hợp kiểm thử không đạt (F) | C8: =COUNTIF($O$20:$O$181,"F") -> 0
B9: Số trường hợp kiểm thử đang xem xét (PE) | C9: =COUNTIF($O$20:$O$181,"PE") -> 0
B10: Số trường hợp kiểm thử chưa thực hiện | C10: =C11-C7-C8-C9 -> 138
B11: Tổng số trường hợp kiểm thử | C11: =COUNTA($F$20:$F$181) -> 138
A15: ID | B15: Mục đích kiểm thử | C15: Trường hợp kiểm thử | D15: Data test | E15: Các bước thực hiện | F15: Kết quả mong muốn | G15: Mức độ nghiêm trọng | H15: Hình ảnh | I15: Manual Test | O15: Kết quả test (M) | P15: Mã lỗi | Q15: Ghi chú
I16: WEB
I17: Lần 1 | J17: Ngày thực hiện | K17: Lần 2 | L17: Ngày thực hiện | M17: Lần 3 | N17: Ngày thực hiện
B18: Pre-condition: - Đăng nhập tài khoản cbxl01 (ROLE-CBTTXLDL, phân quyền TCTD 31358001 và 79202501) - Menu: Thu thập và xử lý dữ liệu > Xử lý dữ liệu > Hồ sơ pháp lý - Kho tiền dữ liệu có hồ sơ pháp lý hợp lệ tệp D10, D11, Q11 của cả KH Cá nhân và Tổ chức, ở đủ 4 trạng thái Chờ cấp mã / Chờ xem xét / Đã xử lý / Từ chối
B19: Giao diện (Phần này viết các trường hợp kiểm thử cho giao diện chung và các giao diện cho các control)
A20: =IF(F20="","",ROW()-19-COUNTBLANK($F$20:F20)) | B20: Kiểm tra giao diện chung
A21: =IF(F21="","",ROW()-19-COUNTBLANK($F$20:F21)) -> 1 | B21: Kiểm tra hiển thị màn hình mặc định | C21: Hiển thị popup "Xem chi tiết hồ sơ pháp lý tệp Q11" khi mở | E21: 1. Tại màn hình "Danh sách hồ sơ pháp lý" (Cá nhân, 31358001, Q11) mở menu Thao tác → Xem của hồ sơ cá nhân 2. Quan sát popup "Xem chi tiết hồ sơ pháp lý tệp Q11" | F21: Popup "Xem chi tiết hồ sơ pháp lý tệp Q11" hiển thị: - 2 tab: Thông tin hồ sơ (đang chọn), Lịch sử cập nhật - Thẻ: Tên khách hàng, Đầu mối báo cáo, Mã khách hàng, Loại khách hàng, Nhóm khách hàng, Mã CIC, Trạng thái (badge), Lý do (khi Đã xử lý/Từ chối), Tên tệp - Nhóm Thông tin khai báo chung: KB001 - Các nhóm chỉ tiêu theo Loại khách hàng - Nút Đóng | G21: Cao
A22: =IF(F22="","",ROW()-19-COUNTBLANK($F$20:F22)) -> 2 | B22: Kiểm tra tổng thể giao diện màn hình | C22: Bố cục, font chữ, căn lề, dấu (*), chính tả | E22: 1. Tại màn hình "Danh sách hồ sơ pháp lý" (Cá nhân, 31358001, Q11) mở menu Thao tác → Xem của hồ sơ cá nhân 2. Quan sát toàn bộ label, control, button | F22: 1. Label, control có kích thước, khoảng cách đồng đều, không xô lệch 2. Cùng một font, cỡ chữ; label căn trái 3. Trường bắt buộc có dấu (*) 4. Không có lỗi chính tả, ngữ pháp | G22: Trung bình
A23: =IF(F23="","",ROW()-19-COUNTBLANK($F$20:F23)) -> 3 | B23: Kiểm tra thứ tự di chuyển con trỏ khi nhấn phím Tab | C23: Nhấn Tab liên tục từ control đầu tiên | E23: 1. Tại màn hình "Danh sách hồ sơ pháp lý" (Cá nhân, 31358001, Q11) mở menu Thao tác → Xem của hồ sơ cá nhân 2. Nhấn phím Tab liên tục | F23: Con trỏ di chuyển lần lượt: Tab Thông tin hồ sơ → Tab Lịch sử cập nhật → vùng nội dung → nút Đóng | G23: Trung bình
A24: =IF(F24="","",ROW()-19-COUNTBLANK($F$20:F24)) -> 4 | B24: Kiểm tra thứ tự di chuyển con trỏ khi nhấn phím Shift+Tab | C24: Nhấn Shift+Tab liên tục từ control cuối cùng | E24: 1. Tại màn hình "Danh sách hồ sơ pháp lý" (Cá nhân, 31358001, Q11) mở menu Thao tác → Xem của hồ sơ cá nhân 2. Focus control cuối cùng 3. Nhấn Shift+Tab liên tục | F24: Con trỏ di chuyển theo thứ tự ngược lại với phím Tab (từ dưới lên trên, từ phải sang trái) | G24: Trung bình
A25: =IF(F25="","",ROW()-19-COUNTBLANK($F$20:F25)) -> 5 | B25: Kiểm tra phím Enter | C25: Nhấn Enter khi đang focus control | E25: 1. Tại màn hình "Danh sách hồ sơ pháp lý" (Cá nhân, 31358001, Q11) mở menu Thao tác → Xem của hồ sơ cá nhân 2. Focus control 3. Nhấn phím Enter | F25: Focus nút Đóng và nhấn Enter → đóng popup; focus tab và nhấn Enter → chuyển tab | G25: Trung bình
A26: =IF(F26="","",ROW()-19-COUNTBLANK($F$20:F26)) -> 6 | B26: Kiểm tra tính năng responsive màn hình | C26: Thay đổi mức zoom bằng Ctrl+− / Ctrl+= | D26: Zoom 75%, 100%, 125%, 150% | E26: 1. Tại màn hình "Danh sách hồ sơ pháp lý" (Cá nhân, 31358001, Q11) mở menu Thao tác → Xem của hồ sơ cá nhân 2. Nhấn Ctrl+− / Ctrl+= để đổi mức zoom | F26: Layout hiển thị hài hòa, không tràn khung, không vỡ giao diện ở mọi mức zoom | G26: Thấp
A27: =IF(F27="","",ROW()-19-COUNTBLANK($F$20:F27)) -> 7 | B27: Kiểm tra ngôn ngữ tiếng Việt chuẩn hành chính | C27: Rà toàn bộ nhãn, từ viết tắt trên màn hình | D27: Từ viết tắt: KH, TCTD, TTQT, QHTD, CIC, C06 | E27: 1. Tại màn hình "Danh sách hồ sơ pháp lý" (Cá nhân, 31358001, Q11) mở menu Thao tác → Xem của hồ sơ cá nhân 2. Rà các nhãn, giá trị có từ viết tắt | F27: Không có từ viết tắt không được định nghĩa; từ viết tắt có tooltip giải thích (Quy tắc component) | G27: Thấp
A28: =IF(F28="","",ROW()-19-COUNTBLANK($F$20:F28)) | B28: Kiểm tra title Xem chi tiết hồ sơ pháp lý
A29: =IF(F29="","",ROW()-19-COUNTBLANK($F$20:F29)) -> 8 | B29: Kiểm tra hiển thị title | C29: Kiểm tra hiển thị title | E29: 1. Tại màn hình "Danh sách hồ sơ pháp lý" (Cá nhân, 31358001, Q11) mở menu Thao tác → Xem của hồ sơ cá nhân 2. Kiểm tra hiển thị title | F29: Title cố định mặc định: "Xem chi tiết hồ sơ pháp lý" | G29: Thấp
A30: =IF(F30="","",ROW()-19-COUNTBLANK($F$20:F30)) -> 9 | B30: Kiểm tra chỉnh sửa title | C30: Kiểm tra chỉnh sửa title | E30: 1. Tại màn hình "Danh sách hồ sơ pháp lý" (Cá nhân, 31358001, Q11) mở menu Thao tác → Xem của hồ sơ cá nhân 2. Click / thử nhập vào title | F30: Không cho phép chỉnh sửa | G30: Thấp
A31: =IF(F31="","",ROW()-19-COUNTBLANK($F$20:F31)) | B31: Kiểm tra Tabs
A32: =IF(F32="","",ROW()-19-COUNTBLANK($F$20:F32)) -> 10 | B32: Kiểm tra tab mặc định | C32: Tab mở sẵn khi vào màn | E32: 1. Tại màn hình "Danh sách hồ sơ pháp lý" (Cá nhân, 31358001, Q11) mở menu Thao tác → Xem của hồ sơ cá nhân | F32: Tab Thông tin hồ sơ được chọn mặc định (BR-028, AC#1) | G32: Cao
A33: =IF(F33="","",ROW()-19-COUNTBLANK($F$20:F33)) -> 11 | B33: Kiểm tra chuyển sang tab lịch sử cập nhật | C33: Click tab Lịch sử cập nhật | E33: 1. Tại màn hình "Danh sách hồ sơ pháp lý" (Cá nhân, 31358001, Q11) mở menu Thao tác → Xem của hồ sơ cá nhân 2. Click tab Lịch sử cập nhật | F33: Hiển thị bảng lịch sử của khách hàng; tab được highlight | G33: Cao
A34: =IF(F34="","",ROW()-19-COUNTBLANK($F$20:F34)) -> 12 | B34: Kiểm tra quay lại tab thông tin hồ sơ | C34: Click lại tab Thông tin hồ sơ | E34: 1. Tại màn hình "Danh sách hồ sơ pháp lý" (Cá nhân, 31358001, Q11) mở menu Thao tác → Xem của hồ sơ cá nhân, chọn tab Lịch sử cập nhật 2. Click tab Thông tin hồ sơ | F34: Hiển thị lại thông tin hồ sơ, không tải lại popup (ALT-01) | G34: Trung bình
A35: =IF(F35="","",ROW()-19-COUNTBLANK($F$20:F35)) -> 13 | B35: Kiểm tra chuyển tab bằng bàn phím | C35: Ctrl+Tab / Ctrl+Shift+Tab | E35: 1. Tại màn hình "Danh sách hồ sơ pháp lý" (Cá nhân, 31358001, Q11) mở menu Thao tác → Xem của hồ sơ cá nhân 2. Nhấn Ctrl+Tab 3. Nhấn Ctrl+Shift+Tab | F35: Chuyển qua lại giữa 2 tab (Quy tắc component) | G35: Thấp
A36: =IF(F36="","",ROW()-19-COUNTBLANK($F$20:F36)) | B36: Kiểm tra thẻ thông tin hồ sơ
A37: =IF(F37="","",ROW()-19-COUNTBLANK($F$20:F37)) -> 14 | B37: Kiểm tra hiển thị trường tên khách hàng | C37: Hiển thị Tên khách hàng | E37: 1. Tại màn hình "Danh sách hồ sơ pháp lý" (Cá nhân, 31358001, Q11) mở menu Thao tác → Xem của hồ sơ cá nhân 2. Quan sát Tên khách hàng | F37: Hiển thị nhãn "Tên khách hàng" và giá trị: TTC04; chỉ đọc | G37: Trung bình
A38: =IF(F38="","",ROW()-19-COUNTBLANK($F$20:F38)) -> 15 | B38: Kiểm tra hiển thị trường đầu mối báo cáo | C38: Hiển thị Đầu mối báo cáo | E38: 1. Tại màn hình "Danh sách hồ sơ pháp lý" (Cá nhân, 31358001, Q11) mở menu Thao tác → Xem của hồ sơ cá nhân 2. Quan sát Đầu mối báo cáo | F38: Hiển thị nhãn "Đầu mối báo cáo" và giá trị: TTC00, hiển thị mã - tên (assumption Q37); chỉ đọc | G38: Trung bình
A39: =IF(F39="","",ROW()-19-COUNTBLANK($F$20:F39)) -> 16 | B39: Kiểm tra hiển thị trường mã khách hàng | C39: Hiển thị Mã khách hàng | E39: 1. Tại màn hình "Danh sách hồ sơ pháp lý" (Cá nhân, 31358001, Q11) mở menu Thao tác → Xem của hồ sơ cá nhân 2. Quan sát Mã khách hàng | F39: Hiển thị nhãn "Mã khách hàng" và giá trị: TTC03; chỉ đọc | G39: Trung bình
A40: =IF(F40="","",ROW()-19-COUNTBLANK($F$20:F40)) -> 17 | B40: Kiểm tra hiển thị trường loại khách hàng | C40: Hiển thị Loại khách hàng | E40: 1. Tại màn hình "Danh sách hồ sơ pháp lý" (Cá nhân, 31358001, Q11) mở menu Thao tác → Xem của hồ sơ cá nhân 2. Quan sát Loại khách hàng | F40: Hiển thị nhãn "Loại khách hàng" và giá trị: Cá nhân hoặc Tổ chức; chỉ đọc | G40: Trung bình
A41: =IF(F41="","",ROW()-19-COUNTBLANK($F$20:F41)) -> 18 | B41: Kiểm tra hiển thị trường nhóm khách hàng | C41: Hiển thị Nhóm khách hàng | E41: 1. Tại màn hình "Danh sách hồ sơ pháp lý" (Cá nhân, 31358001, Q11) mở menu Thao tác → Xem của hồ sơ cá nhân 2. Quan sát Nhóm khách hàng | F41: Hiển thị nhãn "Nhóm khách hàng" và giá trị: Một trong 4 nhóm (BR-016); chỉ đọc | G41: Trung bình
A42: =IF(F42="","",ROW()-19-COUNTBLANK($F$20:F42)) -> 19 | B42: Kiểm tra hiển thị trường mã cic | C42: Hiển thị Mã CIC | E42: 1. Tại màn hình "Danh sách hồ sơ pháp lý" (Cá nhân, 31358001, Q11) mở menu Thao tác → Xem của hồ sơ cá nhân 2. Quan sát Mã CIC | F42: Hiển thị nhãn "Mã CIC" và giá trị: Mã CIC nếu có; trống khi Chờ cấp mã; chỉ đọc | G42: Trung bình
A43: =IF(F43="","",ROW()-19-COUNTBLANK($F$20:F43)) -> 20 | B43: Kiểm tra hiển thị trường tên tệp | C43: Hiển thị Tên tệp | E43: 1. Tại màn hình "Danh sách hồ sơ pháp lý" (Cá nhân, 31358001, Q11) mở menu Thao tác → Xem của hồ sơ cá nhân 2. Quan sát Tên tệp | F43: Hiển thị nhãn "Tên tệp" và giá trị: Giá trị đang lưu tại CSDL; chỉ đọc | G43: Trung bình
A44: =IF(F44="","",ROW()-19-COUNTBLANK($F$20:F44)) -> 21 | B44: Kiểm tra hiển thị Lý do theo trạng thái | C44: Hồ sơ Đã xử lý do cán bộ cập nhật | D44: Lý do 'Đã đối chiếu với đơn vị' | E44: 1. Tại màn hình "Danh sách hồ sơ pháp lý" (Cá nhân, 31358001, Q11) mở menu Thao tác → Xem của hồ sơ cá nhân | F44: Hiển thị Lý do đang lưu (BR-029) | G44: Cao
A45: =IF(F45="","",ROW()-19-COUNTBLANK($F$20:F45)) -> 22 | C45: Hồ sơ Từ chối | D45: Lý do 'Sai số CCCD' | E45: 1. Tại màn hình "Danh sách hồ sơ pháp lý" (Cá nhân, 31358001, Q11) mở menu Thao tác → Xem của hồ sơ cá nhân | F45: Hiển thị Lý do từ chối đang lưu (BR-029) | G45: Cao
A46: =IF(F46="","",ROW()-19-COUNTBLANK($F$20:F46)) -> 23 | C46: Hồ sơ Chờ xem xét | E46: 1. Tại màn hình "Danh sách hồ sơ pháp lý" (Cá nhân, 31358001, Q11) mở menu Thao tác → Xem của hồ sơ cá nhân | F46: Không hiển thị trường Lý do (BR-029, AC#2) | G46: Cao
A47: =IF(F47="","",ROW()-19-COUNTBLANK($F$20:F47)) -> 24 | C47: Hồ sơ Chờ cấp mã | E47: 1. Tại màn hình "Danh sách hồ sơ pháp lý" (Cá nhân, 31358001, Q11) mở menu Thao tác → Xem của hồ sơ cá nhân | F47: Không hiển thị trường Lý do (BR-029) | G47: Cao
A48: =IF(F48="","",ROW()-19-COUNTBLANK($F$20:F48)) | B48: Kiểm tra badge trạng thái
A49: =IF(F49="","",ROW()-19-COUNTBLANK($F$20:F49)) -> 25 | B49: Kiểm tra vị trí và màu sắc badge | C49: Badge trạng thái trên thẻ | D49: 4 hồ sơ ở 4 trạng thái | E49: 1. Tại màn hình "Danh sách hồ sơ pháp lý" (Cá nhân, 31358001, Q11) mở menu Thao tác → Xem của hồ sơ cá nhân | F49: Màu nhãn cùng tông với cột Trạng thái ở màn hình "Danh sách hồ sơ pháp lý" (xám/cam/xanh lá/đỏ) | G49: Trung bình
A50: =IF(F50="","",ROW()-19-COUNTBLANK($F$20:F50)) -> 26 | B50: Kiểm tra tính chỉ đọc của badge | C50: Click vào badge | E50: 1. Tại màn hình "Danh sách hồ sơ pháp lý" (Cá nhân, 31358001, Q11) mở menu Thao tác → Xem của hồ sơ cá nhân 2. Click badge | F50: Không đổi trạng thái | G50: Thấp
A51: =IF(F51="","",ROW()-19-COUNTBLANK($F$20:F51)) | B51: Kiểm tra nhóm Thông tin khai báo chung
A52: =IF(F52="","",ROW()-19-COUNTBLANK($F$20:F52)) -> 27 | B52: Kiểm tra hiển thị chỉ tiêu khai báo chung | C52: Mã và giá trị các chỉ tiêu KB | D52: KB001 | E52: 1. Tại màn hình "Danh sách hồ sơ pháp lý" (Cá nhân, 31358001, Q11) mở menu Thao tác → Xem của hồ sơ cá nhân 2. Quan sát nhóm Thông tin khai báo chung | F52: Hiển thị đủ KB001 với giá trị đang lưu tại CSDL (BR-028) | G52: Cao
A53: =IF(F53="","",ROW()-19-COUNTBLANK($F$20:F53)) -> 28 | B53: Kiểm tra hiển thị từng chỉ tiêu nhóm Thông tin khai báo chung | C53: Chỉ tiêu KB001 | D53: KB001 | E53: 1. Tại màn hình "Danh sách hồ sơ pháp lý" (Cá nhân, 31358001, Q11) mở menu Thao tác → Xem của hồ sơ cá nhân 2. Quan sát dòng KB001 3. Hover vào mã KB001 | F53: Hiển thị mã KB001 và giá trị đang lưu tại CSDL; tooltip đúng tên chỉ tiêu KB001 theo danh mục chỉ tiêu; chỉ đọc (BR-028, BR-030) | G53: Trung bình
A54: =IF(F54="","",ROW()-19-COUNTBLANK($F$20:F54)) | B54: Kiểm tra nhóm chỉ tiêu khách hàng tổ chức
A55: =IF(F55="","",ROW()-19-COUNTBLANK($F$20:F55)) -> 29 | B55: Kiểm tra hiển thị nhóm thông tin định danh | C55: Nhóm "Thông tin định danh" | D55: TTC03, TTC04 | E55: 1. Tại màn hình "Danh sách hồ sơ pháp lý" (Tổ chức, 31358001, Q11) mở menu Thao tác → Xem của hồ sơ tổ chức 2. Quan sát nhóm Thông tin định danh | F55: Hiển thị tiêu đề nhóm "Thông tin định danh" và đủ 2 chỉ tiêu TTC03, TTC04: mã chỉ tiêu + giá trị đang lưu; chỉ đọc (BR-028, BR-030) | G55: Cao
A56: =IF(F56="","",ROW()-19-COUNTBLANK($F$20:F56)) -> 30 | B56: Kiểm tra hiển thị từng chỉ tiêu nhóm Thông tin định danh (tổ chức) | C56: Chỉ tiêu TTC03 | D56: TTC03 | E56: 1. Tại màn hình "Danh sách hồ sơ pháp lý" (Tổ chức, 31358001, Q11) mở menu Thao tác → Xem của hồ sơ tổ chức 2. Quan sát dòng TTC03 3. Hover vào mã TTC03 | F56: Hiển thị mã TTC03 và giá trị đang lưu tại CSDL; tooltip đúng tên chỉ tiêu TTC03 theo danh mục chỉ tiêu; chỉ đọc (BR-028, BR-030) | G56: Trung bình
A57: =IF(F57="","",ROW()-19-COUNTBLANK($F$20:F57)) -> 31 | C57: Chỉ tiêu TTC04 | D57: TTC04 | E57: 1. Tại màn hình "Danh sách hồ sơ pháp lý" (Tổ chức, 31358001, Q11) mở menu Thao tác → Xem của hồ sơ tổ chức 2. Quan sát dòng TTC04 3. Hover vào mã TTC04 | F57: Hiển thị mã TTC04 và giá trị đang lưu tại CSDL; tooltip đúng tên chỉ tiêu TTC04 theo danh mục chỉ tiêu; chỉ đọc (BR-028, BR-030) | G57: Trung bình
A58: =IF(F58="","",ROW()-19-COUNTBLANK($F$20:F58)) -> 32 | B58: Kiểm tra hiển thị nhóm thông tin chung | C58: Nhóm "Thông tin chung" | D58: TC004, TC005, TC006, TC007 | E58: 1. Tại màn hình "Danh sách hồ sơ pháp lý" (Tổ chức, 31358001, Q11) mở menu Thao tác → Xem của hồ sơ tổ chức 2. Quan sát nhóm Thông tin chung | F58: Hiển thị tiêu đề nhóm "Thông tin chung" và đủ 4 chỉ tiêu TC004, TC005, TC006, TC007: mã chỉ tiêu + giá trị đang lưu; chỉ đọc (BR-028, BR-030) | G58: Cao
A59: =IF(F59="","",ROW()-19-COUNTBLANK($F$20:F59)) -> 33 | B59: Kiểm tra hiển thị từng chỉ tiêu nhóm Thông tin chung (tổ chức) | C59: Chỉ tiêu TC004 | D59: TC004 | E59: 1. Tại màn hình "Danh sách hồ sơ pháp lý" (Tổ chức, 31358001, Q11) mở menu Thao tác → Xem của hồ sơ tổ chức 2. Quan sát dòng TC004 3. Hover vào mã TC004 | F59: Hiển thị mã TC004 và giá trị đang lưu tại CSDL; tooltip đúng tên chỉ tiêu TC004 theo danh mục chỉ tiêu; chỉ đọc (BR-028, BR-030) | G59: Trung bình
A60: =IF(F60="","",ROW()-19-COUNTBLANK($F$20:F60)) -> 34 | C60: Chỉ tiêu TC005 | D60: TC005 | E60: 1. Tại màn hình "Danh sách hồ sơ pháp lý" (Tổ chức, 31358001, Q11) mở menu Thao tác → Xem của hồ sơ tổ chức 2. Quan sát dòng TC005 3. Hover vào mã TC005 | F60: Hiển thị mã TC005 và giá trị đang lưu tại CSDL; tooltip đúng tên chỉ tiêu TC005 theo danh mục chỉ tiêu; chỉ đọc (BR-028, BR-030) | G60: Trung bình
A61: =IF(F61="","",ROW()-19-COUNTBLANK($F$20:F61)) -> 35 | C61: Chỉ tiêu TC006 | D61: TC006 | E61: 1. Tại màn hình "Danh sách hồ sơ pháp lý" (Tổ chức, 31358001, Q11) mở menu Thao tác → Xem của hồ sơ tổ chức 2. Quan sát dòng TC006 3. Hover vào mã TC006 | F61: Hiển thị mã TC006 và giá trị đang lưu tại CSDL; tooltip đúng tên chỉ tiêu TC006 theo danh mục chỉ tiêu; chỉ đọc (BR-028, BR-030) | G61: Trung bình
A62: =IF(F62="","",ROW()-19-COUNTBLANK($F$20:F62)) -> 36 | C62: Chỉ tiêu TC007 | D62: TC007 | E62: 1. Tại màn hình "Danh sách hồ sơ pháp lý" (Tổ chức, 31358001, Q11) mở menu Thao tác → Xem của hồ sơ tổ chức 2. Quan sát dòng TC007 3. Hover vào mã TC007 | F62: Hiển thị mã TC007 và giá trị đang lưu tại CSDL; tooltip đúng tên chỉ tiêu TC007 theo danh mục chỉ tiêu; chỉ đọc (BR-028, BR-030) | G62: Trung bình
A63: =IF(F63="","",ROW()-19-COUNTBLANK($F$20:F63)) -> 37 | B63: Kiểm tra hiển thị nhóm thông tin pháp lý | C63: Nhóm "Thông tin pháp lý" | D63: TC011, TC012, TC013, TC015 | E63: 1. Tại màn hình "Danh sách hồ sơ pháp lý" (Tổ chức, 31358001, Q11) mở menu Thao tác → Xem của hồ sơ tổ chức 2. Quan sát nhóm Thông tin pháp lý | F63: Hiển thị tiêu đề nhóm "Thông tin pháp lý" và đủ 4 chỉ tiêu TC011, TC012, TC013, TC015: mã chỉ tiêu + giá trị đang lưu; chỉ đọc (BR-028, BR-030) | G63: Cao
A64: =IF(F64="","",ROW()-19-COUNTBLANK($F$20:F64)) -> 38 | B64: Kiểm tra hiển thị từng chỉ tiêu nhóm Thông tin pháp lý (tổ chức) | C64: Chỉ tiêu TC011 | D64: TC011 | E64: 1. Tại màn hình "Danh sách hồ sơ pháp lý" (Tổ chức, 31358001, Q11) mở menu Thao tác → Xem của hồ sơ tổ chức 2. Quan sát dòng TC011 3. Hover vào mã TC011 | F64: Hiển thị mã TC011 và giá trị đang lưu tại CSDL; tooltip đúng tên chỉ tiêu TC011 theo danh mục chỉ tiêu; chỉ đọc (BR-028, BR-030) | G64: Trung bình
A65: =IF(F65="","",ROW()-19-COUNTBLANK($F$20:F65)) -> 39 | C65: Chỉ tiêu TC012 | D65: TC012 | E65: 1. Tại màn hình "Danh sách hồ sơ pháp lý" (Tổ chức, 31358001, Q11) mở menu Thao tác → Xem của hồ sơ tổ chức 2. Quan sát dòng TC012 3. Hover vào mã TC012 | F65: Hiển thị mã TC012 và giá trị đang lưu tại CSDL; tooltip đúng tên chỉ tiêu TC012 theo danh mục chỉ tiêu; chỉ đọc (BR-028, BR-030) | G65: Trung bình
A66: =IF(F66="","",ROW()-19-COUNTBLANK($F$20:F66)) -> 40 | C66: Chỉ tiêu TC013 | D66: TC013 | E66: 1. Tại màn hình "Danh sách hồ sơ pháp lý" (Tổ chức, 31358001, Q11) mở menu Thao tác → Xem của hồ sơ tổ chức 2. Quan sát dòng TC013 3. Hover vào mã TC013 | F66: Hiển thị mã TC013 và giá trị đang lưu tại CSDL; tooltip đúng tên chỉ tiêu TC013 theo danh mục chỉ tiêu; chỉ đọc (BR-028, BR-030) | G66: Trung bình
A67: =IF(F67="","",ROW()-19-COUNTBLANK($F$20:F67)) -> 41 | C67: Chỉ tiêu TC015 | D67: TC015 | E67: 1. Tại màn hình "Danh sách hồ sơ pháp lý" (Tổ chức, 31358001, Q11) mở menu Thao tác → Xem của hồ sơ tổ chức 2. Quan sát dòng TC015 3. Hover vào mã TC015 | F67: Hiển thị mã TC015 và giá trị đang lưu tại CSDL; tooltip đúng tên chỉ tiêu TC015 theo danh mục chỉ tiêu; chỉ đọc (BR-028, BR-030) | G67: Trung bình
A68: =IF(F68="","",ROW()-19-COUNTBLANK($F$20:F68)) -> 42 | B68: Kiểm tra hiển thị nhóm loại hình & ngành nghề | C68: Nhóm "Loại hình & ngành nghề" | D68: TC017, TC018 | E68: 1. Tại màn hình "Danh sách hồ sơ pháp lý" (Tổ chức, 31358001, Q11) mở menu Thao tác → Xem của hồ sơ tổ chức 2. Quan sát nhóm Loại hình & ngành nghề | F68: Hiển thị tiêu đề nhóm "Loại hình & ngành nghề" và đủ 2 chỉ tiêu TC017, TC018: mã chỉ tiêu + giá trị đang lưu; chỉ đọc (BR-028, BR-030) | G68: Cao
A69: =IF(F69="","",ROW()-19-COUNTBLANK($F$20:F69)) -> 43 | B69: Kiểm tra hiển thị từng chỉ tiêu nhóm Loại hình & ngành nghề (tổ chức) | C69: Chỉ tiêu TC017 | D69: TC017 | E69: 1. Tại màn hình "Danh sách hồ sơ pháp lý" (Tổ chức, 31358001, Q11) mở menu Thao tác → Xem của hồ sơ tổ chức 2. Quan sát dòng TC017 3. Hover vào mã TC017 | F69: Hiển thị mã TC017 và giá trị đang lưu tại CSDL; tooltip đúng tên chỉ tiêu TC017 theo danh mục chỉ tiêu; chỉ đọc (BR-028, BR-030) | G69: Trung bình
A70: =IF(F70="","",ROW()-19-COUNTBLANK($F$20:F70)) -> 44 | C70: Chỉ tiêu TC018 | D70: TC018 | E70: 1. Tại màn hình "Danh sách hồ sơ pháp lý" (Tổ chức, 31358001, Q11) mở menu Thao tác → Xem của hồ sơ tổ chức 2. Quan sát dòng TC018 3. Hover vào mã TC018 | F70: Hiển thị mã TC018 và giá trị đang lưu tại CSDL; tooltip đúng tên chỉ tiêu TC018 theo danh mục chỉ tiêu; chỉ đọc (BR-028, BR-030) | G70: Trung bình
A71: =IF(F71="","",ROW()-19-COUNTBLANK($F$20:F71)) -> 45 | B71: Kiểm tra hiển thị nhóm tổng giám đốc/giám đốc | C71: Nhóm "Tổng giám đốc/Giám đốc" | D71: TC019, TC020, TC021 | E71: 1. Tại màn hình "Danh sách hồ sơ pháp lý" (Tổ chức, 31358001, Q11) mở menu Thao tác → Xem của hồ sơ tổ chức 2. Quan sát nhóm Tổng giám đốc/Giám đốc | F71: Hiển thị tiêu đề nhóm "Tổng giám đốc/Giám đốc" và đủ 3 chỉ tiêu TC019, TC020, TC021: mã chỉ tiêu + giá trị đang lưu; chỉ đọc (BR-028, BR-030) | G71: Cao
A72: =IF(F72="","",ROW()-19-COUNTBLANK($F$20:F72)) -> 46 | B72: Kiểm tra hiển thị từng chỉ tiêu nhóm Tổng giám đốc/Giám đốc (tổ chức) | C72: Chỉ tiêu TC019 | D72: TC019 | E72: 1. Tại màn hình "Danh sách hồ sơ pháp lý" (Tổ chức, 31358001, Q11) mở menu Thao tác → Xem của hồ sơ tổ chức 2. Quan sát dòng TC019 3. Hover vào mã TC019 | F72: Hiển thị mã TC019 và giá trị đang lưu tại CSDL; tooltip đúng tên chỉ tiêu TC019 theo danh mục chỉ tiêu; chỉ đọc (BR-028, BR-030) | G72: Trung bình
A73: =IF(F73="","",ROW()-19-COUNTBLANK($F$20:F73)) -> 47 | C73: Chỉ tiêu TC020 | D73: TC020 | E73: 1. Tại màn hình "Danh sách hồ sơ pháp lý" (Tổ chức, 31358001, Q11) mở menu Thao tác → Xem của hồ sơ tổ chức 2. Quan sát dòng TC020 3. Hover vào mã TC020 | F73: Hiển thị mã TC020 và giá trị đang lưu tại CSDL; tooltip đúng tên chỉ tiêu TC020 theo danh mục chỉ tiêu; chỉ đọc (BR-028, BR-030) | G73: Trung bình
A74: =IF(F74="","",ROW()-19-COUNTBLANK($F$20:F74)) -> 48 | C74: Chỉ tiêu TC021 | D74: TC021 | E74: 1. Tại màn hình "Danh sách hồ sơ pháp lý" (Tổ chức, 31358001, Q11) mở menu Thao tác → Xem của hồ sơ tổ chức 2. Quan sát dòng TC021 3. Hover vào mã TC021 | F74: Hiển thị mã TC021 và giá trị đang lưu tại CSDL; tooltip đúng tên chỉ tiêu TC021 theo danh mục chỉ tiêu; chỉ đọc (BR-028, BR-030) | G74: Trung bình
A75: =IF(F75="","",ROW()-19-COUNTBLANK($F$20:F75)) -> 49 | B75: Kiểm tra hiển thị nhóm thông tin thành viên | C75: Nhóm "Thông tin thành viên" | D75: TC022 | E75: 1. Tại màn hình "Danh sách hồ sơ pháp lý" (Tổ chức, 31358001, Q11) mở menu Thao tác → Xem của hồ sơ tổ chức 2. Quan sát nhóm Thông tin thành viên | F75: Hiển thị tiêu đề nhóm "Thông tin thành viên" và đủ 1 chỉ tiêu TC022: mã chỉ tiêu + giá trị đang lưu; chỉ đọc (BR-028, BR-030) | G75: Cao
A76: =IF(F76="","",ROW()-19-COUNTBLANK($F$20:F76)) -> 50 | B76: Kiểm tra hiển thị từng chỉ tiêu nhóm Thông tin thành viên (tổ chức) | C76: Chỉ tiêu TC022 | D76: TC022 | E76: 1. Tại màn hình "Danh sách hồ sơ pháp lý" (Tổ chức, 31358001, Q11) mở menu Thao tác → Xem của hồ sơ tổ chức 2. Quan sát dòng TC022 3. Hover vào mã TC022 | F76: Hiển thị mã TC022 và giá trị đang lưu tại CSDL; tooltip đúng tên chỉ tiêu TC022 theo danh mục chỉ tiêu; chỉ đọc (BR-028, BR-030) | G76: Trung bình
A77: =IF(F77="","",ROW()-19-COUNTBLANK($F$20:F77)) -> 51 | B77: Kiểm tra tooltip tên chỉ tiêu | C77: Di chuột vào mã chỉ tiêu | D77: TC004 | E77: 1. Tại màn hình "Danh sách hồ sơ pháp lý" (Tổ chức, 31358001, Q11) mở menu Thao tác → Xem của hồ sơ tổ chức 2. Hover vào mã TC004 | F77: Hiển thị tooltip tên chỉ tiêu lấy từ danh mục chỉ tiêu (BR-030) | G77: Trung bình
A78: =IF(F78="","",ROW()-19-COUNTBLANK($F$20:F78)) | B78: Kiểm tra nhóm chỉ tiêu khách hàng cá nhân
A79: =IF(F79="","",ROW()-19-COUNTBLANK($F$20:F79)) -> 52 | B79: Kiểm tra hiển thị nhóm thông tin định danh | C79: Nhóm "Thông tin định danh" | D79: TTC03, TTC04 | E79: 1. Tại màn hình "Danh sách hồ sơ pháp lý" (Cá nhân, 31358001, Q11) mở menu Thao tác → Xem của hồ sơ cá nhân 2. Quan sát nhóm Thông tin định danh | F79: Hiển thị tiêu đề nhóm "Thông tin định danh" và đủ 2 chỉ tiêu TTC03, TTC04: mã chỉ tiêu + giá trị đang lưu; chỉ đọc (BR-028, BR-030) | G79: Cao
A80: =IF(F80="","",ROW()-19-COUNTBLANK($F$20:F80)) -> 53 | B80: Kiểm tra hiển thị từng chỉ tiêu nhóm Thông tin định danh (cá nhân) | C80: Chỉ tiêu TTC03 | D80: TTC03 | E80: 1. Tại màn hình "Danh sách hồ sơ pháp lý" (Cá nhân, 31358001, Q11) mở menu Thao tác → Xem của hồ sơ cá nhân 2. Quan sát dòng TTC03 3. Hover vào mã TTC03 | F80: Hiển thị mã TTC03 và giá trị đang lưu tại CSDL; tooltip đúng tên chỉ tiêu TTC03 theo danh mục chỉ tiêu; chỉ đọc (BR-028, BR-030) | G80: Trung bình
A81: =IF(F81="","",ROW()-19-COUNTBLANK($F$20:F81)) -> 54 | C81: Chỉ tiêu TTC04 | D81: TTC04 | E81: 1. Tại màn hình "Danh sách hồ sơ pháp lý" (Cá nhân, 31358001, Q11) mở menu Thao tác → Xem của hồ sơ cá nhân 2. Quan sát dòng TTC04 3. Hover vào mã TTC04 | F81: Hiển thị mã TTC04 và giá trị đang lưu tại CSDL; tooltip đúng tên chỉ tiêu TTC04 theo danh mục chỉ tiêu; chỉ đọc (BR-028, BR-030) | G81: Trung bình
A82: =IF(F82="","",ROW()-19-COUNTBLANK($F$20:F82)) -> 55 | B82: Kiểm tra hiển thị nhóm thông tin chung | C82: Nhóm "Thông tin chung" | D82: CN001, CN002, CN003, CN004, CN005, CN006, CN007 | E82: 1. Tại màn hình "Danh sách hồ sơ pháp lý" (Cá nhân, 31358001, Q11) mở menu Thao tác → Xem của hồ sơ cá nhân 2. Quan sát nhóm Thông tin chung | F82: Hiển thị tiêu đề nhóm "Thông tin chung" và đủ 7 chỉ tiêu CN001, CN002, CN003, CN004, CN005, CN006, CN007: mã chỉ tiêu + giá trị đang lưu; chỉ đọc (BR-028, BR-030) | G82: Cao
A83: =IF(F83="","",ROW()-19-COUNTBLANK($F$20:F83)) -> 56 | B83: Kiểm tra hiển thị từng chỉ tiêu nhóm Thông tin chung (cá nhân) | C83: Chỉ tiêu CN001 | D83: CN001 | E83: 1. Tại màn hình "Danh sách hồ sơ pháp lý" (Cá nhân, 31358001, Q11) mở menu Thao tác → Xem của hồ sơ cá nhân 2. Quan sát dòng CN001 3. Hover vào mã CN001 | F83: Hiển thị mã CN001 và giá trị đang lưu tại CSDL; tooltip đúng tên chỉ tiêu CN001 theo danh mục chỉ tiêu; chỉ đọc (BR-028, BR-030) | G83: Trung bình
A84: =IF(F84="","",ROW()-19-COUNTBLANK($F$20:F84)) -> 57 | C84: Chỉ tiêu CN002 | D84: CN002 | E84: 1. Tại màn hình "Danh sách hồ sơ pháp lý" (Cá nhân, 31358001, Q11) mở menu Thao tác → Xem của hồ sơ cá nhân 2. Quan sát dòng CN002 3. Hover vào mã CN002 | F84: Hiển thị mã CN002 và giá trị đang lưu tại CSDL; tooltip đúng tên chỉ tiêu CN002 theo danh mục chỉ tiêu; chỉ đọc (BR-028, BR-030) | G84: Trung bình
A85: =IF(F85="","",ROW()-19-COUNTBLANK($F$20:F85)) -> 58 | C85: Chỉ tiêu CN003 | D85: CN003 | E85: 1. Tại màn hình "Danh sách hồ sơ pháp lý" (Cá nhân, 31358001, Q11) mở menu Thao tác → Xem của hồ sơ cá nhân 2. Quan sát dòng CN003 3. Hover vào mã CN003 | F85: Hiển thị mã CN003 và giá trị đang lưu tại CSDL; tooltip đúng tên chỉ tiêu CN003 theo danh mục chỉ tiêu; chỉ đọc (BR-028, BR-030) | G85: Trung bình
A86: =IF(F86="","",ROW()-19-COUNTBLANK($F$20:F86)) -> 59 | C86: Chỉ tiêu CN004 | D86: CN004 | E86: 1. Tại màn hình "Danh sách hồ sơ pháp lý" (Cá nhân, 31358001, Q11) mở menu Thao tác → Xem của hồ sơ cá nhân 2. Quan sát dòng CN004 3. Hover vào mã CN004 | F86: Hiển thị mã CN004 và giá trị đang lưu tại CSDL; tooltip đúng tên chỉ tiêu CN004 theo danh mục chỉ tiêu; chỉ đọc (BR-028, BR-030) | G86: Trung bình
A87: =IF(F87="","",ROW()-19-COUNTBLANK($F$20:F87)) -> 60 | C87: Chỉ tiêu CN005 | D87: CN005 | E87: 1. Tại màn hình "Danh sách hồ sơ pháp lý" (Cá nhân, 31358001, Q11) mở menu Thao tác → Xem của hồ sơ cá nhân 2. Quan sát dòng CN005 3. Hover vào mã CN005 | F87: Hiển thị mã CN005 và giá trị đang lưu tại CSDL; tooltip đúng tên chỉ tiêu CN005 theo danh mục chỉ tiêu; chỉ đọc (BR-028, BR-030) | G87: Trung bình
A88: =IF(F88="","",ROW()-19-COUNTBLANK($F$20:F88)) -> 61 | C88: Chỉ tiêu CN006 | D88: CN006 | E88: 1. Tại màn hình "Danh sách hồ sơ pháp lý" (Cá nhân, 31358001, Q11) mở menu Thao tác → Xem của hồ sơ cá nhân 2. Quan sát dòng CN006 3. Hover vào mã CN006 | F88: Hiển thị mã CN006 và giá trị đang lưu tại CSDL; tooltip đúng tên chỉ tiêu CN006 theo danh mục chỉ tiêu; chỉ đọc (BR-028, BR-030) | G88: Trung bình
A89: =IF(F89="","",ROW()-19-COUNTBLANK($F$20:F89)) -> 62 | C89: Chỉ tiêu CN007 | D89: CN007 | E89: 1. Tại màn hình "Danh sách hồ sơ pháp lý" (Cá nhân, 31358001, Q11) mở menu Thao tác → Xem của hồ sơ cá nhân 2. Quan sát dòng CN007 3. Hover vào mã CN007 | F89: Hiển thị mã CN007 và giá trị đang lưu tại CSDL; tooltip đúng tên chỉ tiêu CN007 theo danh mục chỉ tiêu; chỉ đọc (BR-028, BR-030) | G89: Trung bình
A90: =IF(F90="","",ROW()-19-COUNTBLANK($F$20:F90)) -> 63 | B90: Kiểm tra hiển thị nhóm thông tin pháp lý | C90: Nhóm "Thông tin pháp lý" | D90: CN008, CN009, CN010, CN011, CN012, CN014 | E90: 1. Tại màn hình "Danh sách hồ sơ pháp lý" (Cá nhân, 31358001, Q11) mở menu Thao tác → Xem của hồ sơ cá nhân 2. Quan sát nhóm Thông tin pháp lý | F90: Hiển thị tiêu đề nhóm "Thông tin pháp lý" và đủ 6 chỉ tiêu CN008, CN009, CN010, CN011, CN012, CN014: mã chỉ tiêu + giá trị đang lưu; chỉ đọc (BR-028, BR-030) | G90: Cao
A91: =IF(F91="","",ROW()-19-COUNTBLANK($F$20:F91)) -> 64 | B91: Kiểm tra hiển thị từng chỉ tiêu nhóm Thông tin pháp lý (cá nhân) | C91: Chỉ tiêu CN008 | D91: CN008 | E91: 1. Tại màn hình "Danh sách hồ sơ pháp lý" (Cá nhân, 31358001, Q11) mở menu Thao tác → Xem của hồ sơ cá nhân 2. Quan sát dòng CN008 3. Hover vào mã CN008 | F91: Hiển thị mã CN008 và giá trị đang lưu tại CSDL; tooltip đúng tên chỉ tiêu CN008 theo danh mục chỉ tiêu; chỉ đọc (BR-028, BR-030) | G91: Trung bình
A92: =IF(F92="","",ROW()-19-COUNTBLANK($F$20:F92)) -> 65 | C92: Chỉ tiêu CN009 | D92: CN009 | E92: 1. Tại màn hình "Danh sách hồ sơ pháp lý" (Cá nhân, 31358001, Q11) mở menu Thao tác → Xem của hồ sơ cá nhân 2. Quan sát dòng CN009 3. Hover vào mã CN009 | F92: Hiển thị mã CN009 và giá trị đang lưu tại CSDL; tooltip đúng tên chỉ tiêu CN009 theo danh mục chỉ tiêu; chỉ đọc (BR-028, BR-030) | G92: Trung bình
A93: =IF(F93="","",ROW()-19-COUNTBLANK($F$20:F93)) -> 66 | C93: Chỉ tiêu CN010 | D93: CN010 | E93: 1. Tại màn hình "Danh sách hồ sơ pháp lý" (Cá nhân, 31358001, Q11) mở menu Thao tác → Xem của hồ sơ cá nhân 2. Quan sát dòng CN010 3. Hover vào mã CN010 | F93: Hiển thị mã CN010 và giá trị đang lưu tại CSDL; tooltip đúng tên chỉ tiêu CN010 theo danh mục chỉ tiêu; chỉ đọc (BR-028, BR-030) | G93: Trung bình
A94: =IF(F94="","",ROW()-19-COUNTBLANK($F$20:F94)) -> 67 | C94: Chỉ tiêu CN011 | D94: CN011 | E94: 1. Tại màn hình "Danh sách hồ sơ pháp lý" (Cá nhân, 31358001, Q11) mở menu Thao tác → Xem của hồ sơ cá nhân 2. Quan sát dòng CN011 3. Hover vào mã CN011 | F94: Hiển thị mã CN011 và giá trị đang lưu tại CSDL; tooltip đúng tên chỉ tiêu CN011 theo danh mục chỉ tiêu; chỉ đọc (BR-028, BR-030) | G94: Trung bình
A95: =IF(F95="","",ROW()-19-COUNTBLANK($F$20:F95)) -> 68 | C95: Chỉ tiêu CN012 | D95: CN012 | E95: 1. Tại màn hình "Danh sách hồ sơ pháp lý" (Cá nhân, 31358001, Q11) mở menu Thao tác → Xem của hồ sơ cá nhân 2. Quan sát dòng CN012 3. Hover vào mã CN012 | F95: Hiển thị mã CN012 và giá trị đang lưu tại CSDL; tooltip đúng tên chỉ tiêu CN012 theo danh mục chỉ tiêu; chỉ đọc (BR-028, BR-030) | G95: Trung bình
A96: =IF(F96="","",ROW()-19-COUNTBLANK($F$20:F96)) -> 69 | C96: Chỉ tiêu CN014 | D96: CN014 | E96: 1. Tại màn hình "Danh sách hồ sơ pháp lý" (Cá nhân, 31358001, Q11) mở menu Thao tác → Xem của hồ sơ cá nhân 2. Quan sát dòng CN014 3. Hover vào mã CN014 | F96: Hiển thị mã CN014 và giá trị đang lưu tại CSDL; tooltip đúng tên chỉ tiêu CN014 theo danh mục chỉ tiêu; chỉ đọc (BR-028, BR-030) | G96: Trung bình
A97: =IF(F97="","",ROW()-19-COUNTBLANK($F$20:F97)) -> 70 | B97: Kiểm tra hiển thị nhóm thông tin vợ/chồng | C97: Nhóm "Thông tin vợ/chồng" | D97: CN016, CN017 | E97: 1. Tại màn hình "Danh sách hồ sơ pháp lý" (Cá nhân, 31358001, Q11) mở menu Thao tác → Xem của hồ sơ cá nhân 2. Quan sát nhóm Thông tin vợ/chồng | F97: Hiển thị tiêu đề nhóm "Thông tin vợ/chồng" và đủ 2 chỉ tiêu CN016, CN017: mã chỉ tiêu + giá trị đang lưu; chỉ đọc (BR-028, BR-030) | G97: Cao
A98: =IF(F98="","",ROW()-19-COUNTBLANK($F$20:F98)) -> 71 | B98: Kiểm tra hiển thị từng chỉ tiêu nhóm Thông tin vợ/chồng (cá nhân) | C98: Chỉ tiêu CN016 | D98: CN016 | E98: 1. Tại màn hình "Danh sách hồ sơ pháp lý" (Cá nhân, 31358001, Q11) mở menu Thao tác → Xem của hồ sơ cá nhân 2. Quan sát dòng CN016 3. Hover vào mã CN016 | F98: Hiển thị mã CN016 và giá trị đang lưu tại CSDL; tooltip đúng tên chỉ tiêu CN016 theo danh mục chỉ tiêu; chỉ đọc (BR-028, BR-030) | G98: Trung bình
A99: =IF(F99="","",ROW()-19-COUNTBLANK($F$20:F99)) -> 72 | C99: Chỉ tiêu CN017 | D99: CN017 | E99: 1. Tại màn hình "Danh sách hồ sơ pháp lý" (Cá nhân, 31358001, Q11) mở menu Thao tác → Xem của hồ sơ cá nhân 2. Quan sát dòng CN017 3. Hover vào mã CN017 | F99: Hiển thị mã CN017 và giá trị đang lưu tại CSDL; tooltip đúng tên chỉ tiêu CN017 theo danh mục chỉ tiêu; chỉ đọc (BR-028, BR-030) | G99: Trung bình
A100: =IF(F100="","",ROW()-19-COUNTBLANK($F$20:F100)) -> 73 | B100: Kiểm tra hiển thị nhóm thông tin thành viên | C100: Nhóm "Thông tin thành viên" | D100: CN022 | E100: 1. Tại màn hình "Danh sách hồ sơ pháp lý" (Cá nhân, 31358001, Q11) mở menu Thao tác → Xem của hồ sơ cá nhân 2. Quan sát nhóm Thông tin thành viên | F100: Hiển thị tiêu đề nhóm "Thông tin thành viên" và đủ 1 chỉ tiêu CN022: mã chỉ tiêu + giá trị đang lưu; chỉ đọc (BR-028, BR-030) | G100: Cao
A101: =IF(F101="","",ROW()-19-COUNTBLANK($F$20:F101)) -> 74 | B101: Kiểm tra hiển thị từng chỉ tiêu nhóm Thông tin thành viên (cá nhân) | C101: Chỉ tiêu CN022 | D101: CN022 | E101: 1. Tại màn hình "Danh sách hồ sơ pháp lý" (Cá nhân, 31358001, Q11) mở menu Thao tác → Xem của hồ sơ cá nhân 2. Quan sát dòng CN022 3. Hover vào mã CN022 | F101: Hiển thị mã CN022 và giá trị đang lưu tại CSDL; tooltip đúng tên chỉ tiêu CN022 theo danh mục chỉ tiêu; chỉ đọc (BR-028, BR-030) | G101: Trung bình
A102: =IF(F102="","",ROW()-19-COUNTBLANK($F$20:F102)) -> 75 | B102: Kiểm tra tooltip tên chỉ tiêu | C102: Di chuột vào mã chỉ tiêu | D102: CN001 | E102: 1. Tại màn hình "Danh sách hồ sơ pháp lý" (Cá nhân, 31358001, Q11) mở menu Thao tác → Xem của hồ sơ cá nhân 2. Hover vào mã CN001 | F102: Hiển thị tooltip tên chỉ tiêu lấy từ danh mục chỉ tiêu (BR-030) | G102: Trung bình
A103: =IF(F103="","",ROW()-19-COUNTBLANK($F$20:F103)) | B103: Kiểm tra bảng Lịch sử cập nhật
A104: =IF(F104="","",ROW()-19-COUNTBLANK($F$20:F104)) | B104: Kiểm tra cột STT
A105: =IF(F105="","",ROW()-19-COUNTBLANK($F$20:F105)) -> 76 | B105: Kiểm tra hiển thị | C105: Hiển thị cột STT | E105: 1. Tại màn hình "Danh sách hồ sơ pháp lý" (Cá nhân, 31358001, Q11) mở menu Thao tác → Xem của hồ sơ cá nhân, chọn tab Lịch sử cập nhật 2. Quan sát cột STT | F105: Số thứ tự dòng lịch sử | G105: Trung bình
...

Sheet M4_XuLy_D10D11
B1: KỊCH BẢN KIỂM THỬ CHỨC NĂNG
B3: Tên màn hình/Tên chức năng | C3: Popup "Xử lý hồ sơ pháp lý tệp D10/D11" + popup "Xác nhận cập nhật thông tin hồ sơ"/popup "Xác nhận từ chối cập nhật thông tin hồ sơ" (FEAT-XLDL-009-04) | E3: KBNV
B4: Mã trường hợp kiểm thử | C4: HSPL | E4: TKCT
B6: Manual test
B7: Số trường hợp kiểm thử đạt (P) | C7: =COUNTIF($O$20:$O$305,"P") -> 0
B8: Số trường hợp kiểm thử không đạt (F) | C8: =COUNTIF($O$20:$O$305,"F") -> 0
B9: Số trường hợp kiểm thử đang xem xét (PE) | C9: =COUNTIF($O$20:$O$305,"PE") -> 0
B10: Số trường hợp kiểm thử chưa thực hiện | C10: =C11-C7-C8-C9 -> 255
B11: Tổng số trường hợp kiểm thử | C11: =COUNTA($F$20:$F$305) -> 255
A15: ID | B15: Mục đích kiểm thử | C15: Trường hợp kiểm thử | D15: Data test | E15: Các bước thực hiện | F15: Kết quả mong muốn | G15: Mức độ nghiêm trọng | H15: Hình ảnh | I15: Manual Test | O15: Kết quả test (M) | P15: Mã lỗi | Q15: Ghi chú
I16: WEB
I17: Lần 1 | J17: Ngày thực hiện | K17: Lần 2 | L17: Ngày thực hiện | M17: Lần 3 | N17: Ngày thực hiện
B18: Pre-condition: - Đăng nhập tài khoản cbxl01 (ROLE-CBTTXLDL, phân quyền TCTD 31358001 và 79202501) - Menu: Thu thập và xử lý dữ liệu > Xử lý dữ liệu > Hồ sơ pháp lý - Kho tiền dữ liệu có hồ sơ pháp lý hợp lệ tệp D10, D11, Q11 của cả KH Cá nhân và Tổ chức, ở đủ 4 trạng thái Chờ cấp mã / Chờ xem xét / Đã xử lý / Từ chối - Có hồ sơ Chờ xem xét của 31358001 có ≥ 3 phiên bản tại kho TCTD cùng Mã CIC và đầu mối; KH có hồ sơ tại CIC (có/không cờ C06) - Danh mục chỉ tiêu đánh dấu quan trọng: TTC04, CN001, CN005, CN006, CN008, CN010, CN016, TC004–TC006, TC011 - Tài khoản cbxl02 (ROLE-CBTTXLDL, phân quyền TCTD 31358001) để kiểm tra xử lý đồng thời giữa 2 cán bộ
B19: Giao diện (Phần này viết các trường hợp kiểm thử cho giao diện chung và các giao diện cho các control)
A20: =IF(F20="","",ROW()-19-COUNTBLANK($F$20:F20)) | B20: Kiểm tra giao diện chung
A21: =IF(F21="","",ROW()-19-COUNTBLANK($F$20:F21)) -> 1 | B21: Kiểm tra hiển thị màn hình mặc định | C21: Hiển thị popup "Xử lý hồ sơ pháp lý tệp D10/D11" khi mở | E21: 1. Tại màn hình "Danh sách hồ sơ pháp lý" (Cá nhân, 31358001, D11) mở menu Thao tác → Xử lý hồ sơ của hồ sơ Chờ xem xét 2. Quan sát popup "Xử lý hồ sơ pháp lý tệp D10/D11" | F21: Popup "Xử lý hồ sơ pháp lý tệp D10/D11" hiển thị: - Thẻ hồ sơ đang xem xét: Tên KH, Mã khách hàng, Loại khách hàng, Đầu mối báo cáo, Ngày báo cáo, Trạng thái - Thẻ Hồ sơ tại CIC: Mã CIC, Loại khách hàng, TCTD có liên quan - Dòng "So sánh thông tin chỉ tiêu": tóm tắt số khác biệt, chú thích ★ / ô tô nền, công tắc "Chỉ hiện chỉ tiêu khác biệt" (tắt) - Bảng 3 cột giá trị: Hồ sơ đang xem xét / Hồ sơ khách hàng tại TCTD (ô chọn Ngày báo cáo) / Hồ sơ khách hàng tại CIC (nhãn C06) - Nút Hủy, Từ chối, Cập nhật | G21: Cao
A22: =IF(F22="","",ROW()-19-COUNTBLANK($F$20:F22)) -> 2 | B22: Kiểm tra tổng thể giao diện màn hình | C22: Bố cục, font chữ, căn lề, dấu (*), chính tả | E22: 1. Tại màn hình "Danh sách hồ sơ pháp lý" (Cá nhân, 31358001, D11) mở menu Thao tác → Xử lý hồ sơ của hồ sơ Chờ xem xét 2. Quan sát toàn bộ label, control, button | F22: 1. Label, control có kích thước, khoảng cách đồng đều, không xô lệch 2. Cùng một font, cỡ chữ; label căn trái 3. Trường bắt buộc có dấu (*) 4. Không có lỗi chính tả, ngữ pháp | G22: Trung bình
A23: =IF(F23="","",ROW()-19-COUNTBLANK($F$20:F23)) -> 3 | B23: Kiểm tra thứ tự di chuyển con trỏ khi nhấn phím Tab | C23: Nhấn Tab liên tục từ control đầu tiên | E23: 1. Tại màn hình "Danh sách hồ sơ pháp lý" (Cá nhân, 31358001, D11) mở menu Thao tác → Xử lý hồ sơ của hồ sơ Chờ xem xét 2. Nhấn phím Tab liên tục | F23: Con trỏ di chuyển lần lượt: công tắc → ô chọn Ngày báo cáo → bảng → Hủy → Từ chối → Cập nhật | G23: Trung bình
A24: =IF(F24="","",ROW()-19-COUNTBLANK($F$20:F24)) -> 4 | B24: Kiểm tra thứ tự di chuyển con trỏ khi nhấn phím Shift+Tab | C24: Nhấn Shift+Tab liên tục từ control cuối cùng | E24: 1. Tại màn hình "Danh sách hồ sơ pháp lý" (Cá nhân, 31358001, D11) mở menu Thao tác → Xử lý hồ sơ của hồ sơ Chờ xem xét 2. Focus control cuối cùng 3. Nhấn Shift+Tab liên tục | F24: Con trỏ di chuyển theo thứ tự ngược lại với phím Tab (từ dưới lên trên, từ phải sang trái) | G24: Trung bình
A25: =IF(F25="","",ROW()-19-COUNTBLANK($F$20:F25)) -> 5 | B25: Kiểm tra phím Enter | C25: Nhấn Enter khi đang focus control | E25: 1. Tại màn hình "Danh sách hồ sơ pháp lý" (Cá nhân, 31358001, D11) mở menu Thao tác → Xử lý hồ sơ của hồ sơ Chờ xem xét 2. Focus control 3. Nhấn phím Enter | F25: Focus nút và nhấn Enter → thực hiện chức năng của nút | G25: Trung bình
A26: =IF(F26="","",ROW()-19-COUNTBLANK($F$20:F26)) -> 6 | B26: Kiểm tra tính năng responsive màn hình | C26: Thay đổi mức zoom bằng Ctrl+− / Ctrl+= | D26: Zoom 75%, 100%, 125%, 150% | E26: 1. Tại màn hình "Danh sách hồ sơ pháp lý" (Cá nhân, 31358001, D11) mở menu Thao tác → Xử lý hồ sơ của hồ sơ Chờ xem xét 2. Nhấn Ctrl+− / Ctrl+= để đổi mức zoom | F26: Layout hiển thị hài hòa, không tràn khung, không vỡ giao diện ở mọi mức zoom | G26: Thấp
A27: =IF(F27="","",ROW()-19-COUNTBLANK($F$20:F27)) -> 7 | B27: Kiểm tra ngôn ngữ tiếng Việt chuẩn hành chính | C27: Rà toàn bộ nhãn, từ viết tắt trên màn hình | D27: Từ viết tắt: KH, TCTD, TTQT, QHTD, CIC, C06 | E27: 1. Tại màn hình "Danh sách hồ sơ pháp lý" (Cá nhân, 31358001, D11) mở menu Thao tác → Xử lý hồ sơ của hồ sơ Chờ xem xét 2. Rà các nhãn, giá trị có từ viết tắt | F27: Không có từ viết tắt không được định nghĩa; từ viết tắt có tooltip giải thích (Quy tắc component) | G27: Thấp
A28: =IF(F28="","",ROW()-19-COUNTBLANK($F$20:F28)) | B28: Kiểm tra button chung trên màn hình
A29: =IF(F29="","",ROW()-19-COUNTBLANK($F$20:F29)) -> 8 | B29: Kiểm tra căn lề, chính tả label button | C29: Kiểm tra căn lề, chính tả label các button | E29: 1. Tại màn hình "Danh sách hồ sơ pháp lý" (Cá nhân, 31358001, D11) mở menu Thao tác → Xử lý hồ sơ của hồ sơ Chờ xem xét 2. Quan sát các button: Hủy, Từ chối, Cập nhật | F29: Text căn giữa, chữ thường và chữ cái đầu in hoa, không lỗi chính tả | G29: Thấp
A30: =IF(F30="","",ROW()-19-COUNTBLANK($F$20:F30)) -> 9 | B30: Kiểm tra trạng thái enabled/disabled của các button theo điều kiện | C30: Kiểm tra trạng thái các button | E30: 1. Tại màn hình "Danh sách hồ sơ pháp lý" (Cá nhân, 31358001, D11) mở menu Thao tác → Xử lý hồ sơ của hồ sơ Chờ xem xét 2. Quan sát trạng thái các button | F30: Hiển thị đúng trạng thái theo điều kiện SRS; chỉ có duy nhất 1 Primary button (Cập nhật) trong một khu vực | G30: Trung bình
A31: =IF(F31="","",ROW()-19-COUNTBLANK($F$20:F31)) -> 10 | B31: Kiểm tra click button thực hiện đúng chức năng | C31: Kiểm tra click các button | E31: 1. Tại màn hình "Danh sách hồ sơ pháp lý" (Cá nhân, 31358001, D11) mở menu Thao tác → Xử lý hồ sơ của hồ sơ Chờ xem xét 2. Click lần lượt từng button | F31: Mỗi button thực hiện đúng chức năng mô tả trong SRS | G31: Cao
A32: =IF(F32="","",ROW()-19-COUNTBLANK($F$20:F32)) -> 11 | B32: Kiểm tra loading và disable button khi đang xử lý | C32: Kiểm tra button khi hệ thống đang xử lý | D32: Giả lập mạng chậm (DevTools: Slow 3G) | E32: 1. Tại màn hình "Danh sách hồ sơ pháp lý" (Cá nhân, 31358001, D11) mở menu Thao tác → Xử lý hồ sơ của hồ sơ Chờ xem xét 2. Click button gọi API 3. Click tiếp nhiều lần khi đang xử lý | F32: Button hiển thị loading spinner và bị disable; thao tác chỉ được thực hiện 1 lần | G32: Cao
A33: =IF(F33="","",ROW()-19-COUNTBLANK($F$20:F33)) -> 12 | B33: Kiểm tra giữ bộ lọc sau khi F5 hoặc chuyển trang | C33: Kiểm tra giữ tùy chọn bộ lọc và cấu hình hiển thị | E33: 1. Tại màn hình "Danh sách hồ sơ pháp lý" (Cá nhân, 31358001, D11) mở menu Thao tác → Xử lý hồ sơ của hồ sơ Chờ xem xét 2. Chọn điều kiện, Tìm kiếm 3. Nhấn F5 hoặc chuyển sang chức năng khác rồi quay lại | F33: Hệ thống giữ tùy chọn bộ lọc và cấu hình hiển thị đã chọn trước đó (không lưu giá trị) — Quy tắc component | G33: Trung bình
A34: =IF(F34="","",ROW()-19-COUNTBLANK($F$20:F34)) | B34: Kiểm tra title Xử lý hồ sơ pháp lý
A35: =IF(F35="","",ROW()-19-COUNTBLANK($F$20:F35)) -> 13 | B35: Kiểm tra hiển thị title | C35: Kiểm tra hiển thị title | E35: 1. Tại màn hình "Danh sách hồ sơ pháp lý" (Cá nhân, 31358001, D11) mở menu Thao tác → Xử lý hồ sơ của hồ sơ Chờ xem xét 2. Kiểm tra hiển thị title | F35: Title cố định mặc định: "Xử lý hồ sơ pháp lý" | G35: Thấp
A36: =IF(F36="","",ROW()-19-COUNTBLANK($F$20:F36)) -> 14 | B36: Kiểm tra chỉnh sửa title | C36: Kiểm tra chỉnh sửa title | E36: 1. Tại màn hình "Danh sách hồ sơ pháp lý" (Cá nhân, 31358001, D11) mở menu Thao tác → Xử lý hồ sơ của hồ sơ Chờ xem xét 2. Click / thử nhập vào title | F36: Không cho phép chỉnh sửa | G36: Thấp
A37: =IF(F37="","",ROW()-19-COUNTBLANK($F$20:F37)) | B37: Kiểm tra thẻ hồ sơ đang xem xét
A38: =IF(F38="","",ROW()-19-COUNTBLANK($F$20:F38)) -> 15 | B38: Kiểm tra hiển thị tên khách hàng | C38: Hiển thị Tên khách hàng | E38: 1. Tại màn hình "Danh sách hồ sơ pháp lý" (Cá nhân, 31358001, D11) mở menu Thao tác → Xử lý hồ sơ của hồ sơ Chờ xem xét 2. Quan sát Tên khách hàng | F38: Hiển thị TTC04 của hồ sơ đang xem xét; chỉ đọc | G38: Trung bình
A39: =IF(F39="","",ROW()-19-COUNTBLANK($F$20:F39)) -> 16 | B39: Kiểm tra hiển thị mã khách hàng | C39: Hiển thị Mã khách hàng | E39: 1. Tại màn hình "Danh sách hồ sơ pháp lý" (Cá nhân, 31358001, D11) mở menu Thao tác → Xử lý hồ sơ của hồ sơ Chờ xem xét 2. Quan sát Mã khách hàng | F39: Hiển thị TTC03, cùng dòng với Mã CIC ở thẻ phải (BR-047); chỉ đọc | G39: Trung bình
A40: =IF(F40="","",ROW()-19-COUNTBLANK($F$20:F40)) -> 17 | B40: Kiểm tra hiển thị loại khách hàng | C40: Hiển thị Loại khách hàng | E40: 1. Tại màn hình "Danh sách hồ sơ pháp lý" (Cá nhân, 31358001, D11) mở menu Thao tác → Xử lý hồ sơ của hồ sơ Chờ xem xét 2. Quan sát Loại khách hàng | F40: Hiển thị TTC05; chỉ đọc | G40: Trung bình
A41: =IF(F41="","",ROW()-19-COUNTBLANK($F$20:F41)) -> 18 | B41: Kiểm tra hiển thị đầu mối báo cáo | C41: Hiển thị Đầu mối báo cáo | E41: 1. Tại màn hình "Danh sách hồ sơ pháp lý" (Cá nhân, 31358001, D11) mở menu Thao tác → Xử lý hồ sơ của hồ sơ Chờ xem xét 2. Quan sát Đầu mối báo cáo | F41: Hiển thị TTC00 dạng mã - tên; chỉ đọc | G41: Trung bình
A42: =IF(F42="","",ROW()-19-COUNTBLANK($F$20:F42)) -> 19 | B42: Kiểm tra hiển thị ngày báo cáo | C42: Hiển thị Ngày báo cáo | E42: 1. Tại màn hình "Danh sách hồ sơ pháp lý" (Cá nhân, 31358001, D11) mở menu Thao tác → Xử lý hồ sơ của hồ sơ Chờ xem xét 2. Quan sát Ngày báo cáo | F42: Hiển thị KB001, DD/MM/YYYY; chỉ đọc | G42: Trung bình
A43: =IF(F43="","",ROW()-19-COUNTBLANK($F$20:F43)) -> 20 | B43: Kiểm tra hiển thị trạng thái | C43: Hiển thị Trạng thái | E43: 1. Tại màn hình "Danh sách hồ sơ pháp lý" (Cá nhân, 31358001, D11) mở menu Thao tác → Xử lý hồ sơ của hồ sơ Chờ xem xét 2. Quan sát Trạng thái | F43: Hiển thị Badge "Chờ xem xét" màu cam; chỉ đọc | G43: Trung bình
A44: =IF(F44="","",ROW()-19-COUNTBLANK($F$20:F44)) | B44: Kiểm tra thẻ Hồ sơ tại CIC
A45: =IF(F45="","",ROW()-19-COUNTBLANK($F$20:F45)) -> 21 | B45: Kiểm tra hiển thị mã CIC | C45: Mã CIC chỉ xem | E45: 1. Tại màn hình "Danh sách hồ sơ pháp lý" (Cá nhân, 31358001, D11) mở menu Thao tác → Xử lý hồ sơ của hồ sơ Chờ xem xét 2. Quan sát Mã CIC 3. Thử click / sửa Mã CIC | F45: Hiển thị Mã CIC của KH, không chọn được mã khác (mục 7 bảng thành phần của popup "Xử lý hồ sơ pháp lý tệp D10/D11") | G45: Cao
A46: =IF(F46="","",ROW()-19-COUNTBLANK($F$20:F46)) -> 22 | B46: Kiểm tra hiển thị loại khách hàng tại CIC | C46: TTC05 tại kho chuẩn | E46: 1. Tại màn hình "Danh sách hồ sơ pháp lý" (Cá nhân, 31358001, D11) mở menu Thao tác → Xử lý hồ sơ của hồ sơ Chờ xem xét | F46: Hiển thị TTC05 của hồ sơ tại kho chuẩn CIC (BR-047) | G46: Trung bình
A47: =IF(F47="","",ROW()-19-COUNTBLANK($F$20:F47)) -> 23 | B47: Kiểm tra hiển thị TCTD có liên quan | C47: Danh sách mã TCTD | D47: KH được 3 TCTD báo cáo | E47: 1. Tại màn hình "Danh sách hồ sơ pháp lý" (Cá nhân, 31358001, D11) mở menu Thao tác → Xử lý hồ sơ của hồ sơ Chờ xem xét | F47: Hiển thị mã các TCTD/CNTCTD còn hiệu lực ngăn cách bằng ";" (BR-047, assumption Q15) | G47: Trung bình
A48: =IF(F48="","",ROW()-19-COUNTBLANK($F$20:F48)) -> 24 | B48: Kiểm tra tooltip TCTD có liên quan | C48: Hover một mã TCTD | D48: 68202001 | E48: 1. Tại màn hình "Danh sách hồ sơ pháp lý" (Cá nhân, 31358001, D11) mở menu Thao tác → Xử lý hồ sơ của hồ sơ Chờ xem xét 2. Hover mã 68202001 | F48: Tooltip tên đầy đủ TCTD/CNTCTD lấy từ NV-16 | G48: Trung bình
A49: =IF(F49="","",ROW()-19-COUNTBLANK($F$20:F49)) -> 25 | B49: Kiểm tra thứ tự dòng hai thẻ | C49: Căn hàng giữa 2 thẻ | E49: 1. Tại màn hình "Danh sách hồ sơ pháp lý" (Cá nhân, 31358001, D11) mở menu Thao tác → Xử lý hồ sơ của hồ sơ Chờ xem xét | F49: Hai thẻ cùng thứ tự dòng: mã, Loại khách hàng, Đầu mối báo cáo / TCTD có liên quan (BR-047) | G49: Thấp
A50: =IF(F50="","",ROW()-19-COUNTBLANK($F$20:F50)) | B50: Kiểm tra tóm tắt khác biệt
A51: =IF(F51="","",ROW()-19-COUNTBLANK($F$20:F51)) -> 26 | B51: Kiểm tra hiển thị tóm tắt và chú thích | C51: Dòng So sánh thông tin chỉ tiêu | D51: 5 chỉ tiêu khác, 1 quan trọng | E51: 1. Tại màn hình "Danh sách hồ sơ pháp lý" (Cá nhân, 31358001, D11) mở menu Thao tác → Xử lý hồ sơ của hồ sơ Chờ xem xét | F51: Hiển thị "5 chỉ tiêu khác biệt, 1 chỉ tiêu quan trọng", chú thích "★ Chỉ tiêu quan trọng", "Dữ liệu thay đổi" (BR-045, assumption Q10, Q42) | G51: Cao
A52: =IF(F52="","",ROW()-19-COUNTBLANK($F$20:F52)) | B52: Kiểm tra Checkbox Chỉ hiện chỉ tiêu khác biệt (công tắc)
A53: =IF(F53="","",ROW()-19-COUNTBLANK($F$20:F53)) -> 27 | B53: Kiểm tra hiển thị | C53: Hiển thị checkbox Chỉ hiện chỉ tiêu khác biệt (công tắc) | E53: 1. Tại màn hình "Danh sách hồ sơ pháp lý" (Cá nhân, 31358001, D11) mở menu Thao tác → Xử lý hồ sơ của hồ sơ Chờ xem xét 2. Quan sát checkbox Chỉ hiện chỉ tiêu khác biệt (công tắc) | F53: Checkbox hiển thị đúng vị trí theo thiết kế | G53: Trung bình
A54: =IF(F54="","",ROW()-19-COUNTBLANK($F$20:F54)) -> 28 | B54: Kiểm tra giá trị mặc định | C54: Trạng thái mặc định | E54: 1. Tại màn hình "Danh sách hồ sơ pháp lý" (Cá nhân, 31358001, D11) mở menu Thao tác → Xử lý hồ sơ của hồ sơ Chờ xem xét 2. Quan sát checkbox Chỉ hiện chỉ tiêu khác biệt (công tắc) | F54: Tắt (mặc định ở màn xử lý một hồ sơ — BR-045) | G54: Trung bình
A55: =IF(F55="","",ROW()-19-COUNTBLANK($F$20:F55)) -> 29 | B55: Kiểm tra check | C55: Tick checkbox | E55: 1. Tại màn hình "Danh sách hồ sơ pháp lý" (Cá nhân, 31358001, D11) mở menu Thao tác → Xử lý hồ sơ của hồ sơ Chờ xem xét 2. Tick checkbox Chỉ hiện chỉ tiêu khác biệt (công tắc) | F55: Bảng chỉ hiển thị dòng chỉ tiêu khác biệt và tiêu đề nhóm chứa chúng (BR-045, AC#6) | G55: Cao
A56: =IF(F56="","",ROW()-19-COUNTBLANK($F$20:F56)) -> 30 | B56: Kiểm tra uncheck | C56: Bỏ tick checkbox | E56: 1. Tại màn hình "Danh sách hồ sơ pháp lý" (Cá nhân, 31358001, D11) mở menu Thao tác → Xử lý hồ sơ của hồ sơ Chờ xem xét 2. Tick rồi bỏ tick checkbox Chỉ hiện chỉ tiêu khác biệt (công tắc) | F56: Bảng hiển thị đủ mọi chỉ tiêu | G56: Cao
A57: =IF(F57="","",ROW()-19-COUNTBLANK($F$20:F57)) -> 31 | B57: Kiểm tra thao tác bằng bàn phím | C57: Space để tick / bỏ tick | E57: 1. Tại màn hình "Danh sách hồ sơ pháp lý" (Cá nhân, 31358001, D11) mở menu Thao tác → Xử lý hồ sơ của hồ sơ Chờ xem xét 2. Focus checkbox Chỉ hiện chỉ tiêu khác biệt (công tắc) bằng Tab 3. Nhấn Space | F57: Trạng thái checkbox đảo ngược, có viền focus rõ ràng (Quy tắc component) | G57: Thấp
A58: =IF(F58="","",ROW()-19-COUNTBLANK($F$20:F58)) -> 32 | B58: Kiểm tra trạng thái loading của công tắc | C58: Công tắc khi đang xử lý | D58: Giả lập mạng chậm, hồ sơ nhiều chỉ tiêu | E58: 1. Tại màn hình "Danh sách hồ sơ pháp lý" (Cá nhân, 31358001, D11) mở menu Thao tác → Xử lý hồ sơ của hồ sơ Chờ xem xét 2. Bật / tắt công tắc 3. Click tiếp công tắc nhiều lần khi đang xử lý | F58: Công tắc hiển thị trạng thái loading và không nhận thao tác lặp cho tới khi bảng lọc xong (Quy tắc component — Switch; GAP-05) | G58: Trung bình
A59: =IF(F59="","",ROW()-19-COUNTBLANK($F$20:F59)) | B59: Kiểm tra Dropdown Ngày báo cáo (cột Hồ sơ khách hàng tại TCTD)
A60: =IF(F60="","",ROW()-19-COUNTBLANK($F$20:F60)) -> 33 | B60: Kiểm tra hiển thị | C60: Hiển thị Dropdown Ngày báo cáo (cột Hồ sơ khách hàng tại TCTD) | E60: 1. Tại màn hình "Danh sách hồ sơ pháp lý" (Cá nhân, 31358001, D11) mở menu Thao tác → Xử lý hồ sơ của hồ sơ Chờ xem xét 2. Quan sát Dropdown Ngày báo cáo (cột Hồ sơ khách hàng tại TCTD) | F60: Dropdown hiển thị đúng vị trí, kích thước theo thiết kế, có icon mũi tên; click toàn bộ vùng control đều mở danh sách | G60: Trung bình
A61: =IF(F61="","",ROW()-19-COUNTBLANK($F$20:F61)) -> 34 | B61: Kiểm tra giá trị mặc định | C61: Giá trị mặc định khi mở màn hình | E61: 1. Tại màn hình "Danh sách hồ sơ pháp lý" (Cá nhân, 31358001, D11) mở menu Thao tác → Xử lý hồ sơ của hồ sơ Chờ xem xét 2. Quan sát giá trị Dropdown Ngày báo cáo (cột Hồ sơ khách hàng tại TCTD) | F61: Mặc định phiên bản mới nhất theo Ngày báo cáo (BR-032) | G61: Cao
A62: =IF(F62="","",ROW()-19-COUNTBLANK($F$20:F62)) -> 35 | B62: Kiểm tra placeholder | C62: Placeholder khi chưa có giá trị | E62: 1. Tại màn hình "Danh sách hồ sơ pháp lý" (Cá nhân, 31358001, D11) mở menu Thao tác → Xử lý hồ sơ của hồ sơ Chờ xem xét 2. Quan sát placeholder Dropdown Ngày báo cáo (cột Hồ sơ khách hàng tại TCTD) | F62: Không áp dụng — luôn có giá trị | G62: Thấp
A63: =IF(F63="","",ROW()-19-COUNTBLANK($F$20:F63)) -> 36 | B63: Kiểm tra trường bắt buộc | C63: Tính bắt buộc của trường | E63: 1. Tại màn hình "Danh sách hồ sơ pháp lý" (Cá nhân, 31358001, D11) mở menu Thao tác → Xử lý hồ sơ của hồ sơ Chờ xem xét 2. Quan sát nhãn / dấu (*) của Ngày báo cáo (cột Hồ sơ khách hàng tại TCTD) | F63: Không đánh dấu (*); luôn có một phiên bản được chọn | G63: Cao
A64: =IF(F64="","",ROW()-19-COUNTBLANK($F$20:F64)) -> 37 | B64: Kiểm tra options hiển thị đúng | C64: Danh sách option | E64: 1. Tại màn hình "Danh sách hồ sơ pháp lý" (Cá nhân, 31358001, D11) mở menu Thao tác → Xử lý hồ sơ của hồ sơ Chờ xem xét 2. Click mở Dropdown Ngày báo cáo (cột Hồ sơ khách hàng tại TCTD) | F64: Tối đa 3 phiên bản mới nhất theo Ngày báo cáo, cùng Mã CIC và cùng đầu mối, không gồm chính hồ sơ đang xem xét (BR-032, Q03); định dạng DD/MM/YYYY | G64: Cao
A65: =IF(F65="","",ROW()-19-COUNTBLANK($F$20:F65)) -> 38 | B65: Kiểm tra sử dụng bàn phím | C65: Thao tác hoàn toàn bằng bàn phím | E65: 1. Tại màn hình "Danh sách hồ sơ pháp lý" (Cá nhân, 31358001, D11) mở menu Thao tác → Xử lý hồ sơ của hồ sơ Chờ xem xét, nhấn Tab/Shift+Tab focus vào Dropdown Ngày báo cáo (cột Hồ sơ khách hàng tại TCTD) 2. Nhấn phím Enter 3. Nhấn phím Up/Down 4. Nhấn phím Enter khi đang focus một giá trị 5. Nhấn Tab/Shift+Tab | F65: 1. Dropdown được focus 2. Danh sách lựa chọn hiển thị 3. Con trỏ di chuyển theo danh sách lựa chọn 4. Giá trị được chọn và hiển thị lên dropdown 5. Con trỏ di chuyển đến control tiếp theo / trước đó | G65: Trung bình
A66: =IF(F66="","",ROW()-19-COUNTBLANK($F$20:F66)) -> 39 | B66: Kiểm tra hiển thị scroll | C66: Số option < 5 | D66: Danh sách thực tế 3 option | E66: 1. Tại màn hình "Danh sách hồ sơ pháp lý" (Cá nhân, 31358001, D11) mở menu Thao tác → Xử lý hồ sơ của hồ sơ Chờ xem xét 2. Mở Dropdown Ngày báo cáo (cột Hồ sơ khách hàng tại TCTD) | F66: Không hiển thị thanh scroll | G66: Thấp
A67: =IF(F67="","",ROW()-19-COUNTBLANK($F$20:F67)) -> 40 | C67: Số option = 5 | D67: Danh sách theo SRS cố định 3 giá trị — giả lập danh mục trên môi trường test có 5 option | E67: 1. Tại màn hình "Danh sách hồ sơ pháp lý" (Cá nhân, 31358001, D11) mở menu Thao tác → Xử lý hồ sơ của hồ sơ Chờ xem xét 2. Mở Dropdown Ngày báo cáo (cột Hồ sơ khách hàng tại TCTD) | F67: Không hiển thị thanh scroll | G67: Thấp
A68: =IF(F68="","",ROW()-19-COUNTBLANK($F$20:F68)) -> 41 | C68: Số option > 5 | D68: Danh sách theo SRS cố định 3 giá trị — giả lập danh mục trên môi trường test có > 10 option | E68: 1. Tại màn hình "Danh sách hồ sơ pháp lý" (Cá nhân, 31358001, D11) mở menu Thao tác → Xử lý hồ sơ của hồ sơ Chờ xem xét 2. Mở Dropdown Ngày báo cáo (cột Hồ sơ khách hàng tại TCTD) 3. Cuộn danh sách | F68: Hiển thị thanh scroll; mặc định hiển thị 10 item, phần còn lại tải khi cuộn hoặc tìm kiếm (virtual scroll — Quy tắc component) | G68: Thấp
A69: =IF(F69="","",ROW()-19-COUNTBLANK($F$20:F69)) -> 42 | B69: Kiểm tra chọn giá trị | C69: Chọn 1 giá trị | D69: Chọn một option bất kỳ | E69: 1. Tại màn hình "Danh sách hồ sơ pháp lý" (Cá nhân, 31358001, D11) mở menu Thao tác → Xử lý hồ sơ của hồ sơ Chờ xem xét 2. Mở Dropdown Ngày báo cáo (cột Hồ sơ khách hàng tại TCTD) 3. Click một option | F69: Giá trị được chọn hiển thị lên dropdown, danh sách đóng lại, giá trị được focus | G69: Cao
A70: =IF(F70="","",ROW()-19-COUNTBLANK($F$20:F70)) -> 43 | C70: Chọn nhiều giá trị | D70: Chọn lần lượt 2 option | E70: 1. Tại màn hình "Danh sách hồ sơ pháp lý" (Cá nhân, 31358001, D11) mở menu Thao tác → Xử lý hồ sơ của hồ sơ Chờ xem xét 2. Chọn option thứ nhất 3. Mở lại và chọn option thứ hai | F70: Không cho phép chọn nhiều; dropdown hiển thị giá trị chọn gần nhất | G70: Trung bình
A71: =IF(F71="","",ROW()-19-COUNTBLANK($F$20:F71)) -> 44 | C71: Bỏ chọn giá trị đã chọn | D71: Xóa giá trị đã chọn | E71: 1. Tại màn hình "Danh sách hồ sơ pháp lý" (Cá nhân, 31358001, D11) mở menu Thao tác → Xử lý hồ sơ của hồ sơ Chờ xem xét 2. Chọn một option 3. Thực hiện bỏ chọn (icon x / phím Delete) | F71: Không cho bỏ chọn về rỗng: dropdown luôn giữ một giá trị (trường bắt buộc chọn đúng một giá trị — BR-013) | G71: Trung bình
A72: =IF(F72="","",ROW()-19-COUNTBLANK($F$20:F72)) -> 45 | B72: Kiểm tra options hiển thị đúng | C72: Trường hợp call API thành công | D72: Dữ liệu trả về khác rỗng | E72: 1. Click mở danh sách | F72: Danh sách hiển thị đầy đủ options đúng theo dữ liệu API trả về | G72: Trung bình
A73: =IF(F73="","",ROW()-19-COUNTBLANK($F$20:F73)) -> 46 | D73: Dữ liệu trả về là rỗng | E73: 1. Giả lập API trả về danh sách rỗng 2. Click mở danh sách | F73: Danh sách hiển thị trạng thái rỗng "Không có dữ liệu" kèm icon | G73: Trung bình
A74: =IF(F74="","",ROW()-19-COUNTBLANK($F$20:F74)) -> 47 | C74: Trường hợp call API bị thất bại | D74: API trả lỗi 500 / mất kết nối | E74: 1. Giả lập API lỗi 2. Click mở danh sách | F74: Hiển thị thông báo lỗi hoặc trạng thái rỗng; giao diện không bị treo/crash | G74: Trung bình
A75: =IF(F75="","",ROW()-19-COUNTBLANK($F$20:F75)) -> 48 | C75: Trường hợp call API bị time out | D75: API phản hồi quá thời gian chờ | E75: 1. Giả lập API time out 2. Click mở danh sách | F75: Hiển thị loading trong thời gian chờ; sau time out hiển thị thông báo lỗi hoặc trạng thái rỗng; UI không treo | G75: Trung bình
A76: =IF(F76="","",ROW()-19-COUNTBLANK($F$20:F76)) -> 49 | B76: Kiểm tra dropdown bắt buộc không cho bỏ chọn | C76: Dropdown bắt buộc luôn có giá trị | E76: 1. Tại màn hình "Danh sách hồ sơ pháp lý" (Cá nhân, 31358001, D11) mở menu Thao tác → Xử lý hồ sơ của hồ sơ Chờ xem xét 2. Thử xóa giá trị của Dropdown Ngày báo cáo (cột Hồ sơ khách hàng tại TCTD) | F76: Không thể xóa về rỗng; giá trị vẫn được gửi khi Tìm kiếm | G76: Trung bình
A77: =IF(F77="","",ROW()-19-COUNTBLANK($F$20:F77)) | B77: Kiểm tra cột Chỉ tiêu
A78: =IF(F78="","",ROW()-19-COUNTBLANK($F$20:F78)) -> 50 | B78: Kiểm tra hiển thị | C78: Hiển thị cột Chỉ tiêu | E78: 1. Tại màn hình "Danh sách hồ sơ pháp lý" (Cá nhân, 31358001, D11) mở menu Thao tác → Xử lý hồ sơ của hồ sơ Chờ xem xét 2. Quan sát cột Chỉ tiêu | F78: Mã chỉ tiêu; ★ trước mã chỉ tiêu quan trọng; hover hiển thị tên chỉ tiêu; nhóm theo tiêu đề nhóm (BR-030, BR-035) | G78: Trung bình
A79: =IF(F79="","",ROW()-19-COUNTBLANK($F$20:F79)) -> 51 | B79: Kiểm tra chỉnh sửa | C79: Cột Chỉ tiêu chỉ đọc | E79: 1. Tại màn hình "Danh sách hồ sơ pháp lý" (Cá nhân, 31358001, D11) mở menu Thao tác → Xử lý hồ sơ của hồ sơ Chờ xem xét 2. Double-click / nhấn F2 vào ô của cột Chỉ tiêu | F79: Không mở edit mode, không có ô nhập; dữ liệu chỉ đọc | G79: Trung bình
A80: =IF(F80="","",ROW()-19-COUNTBLANK($F$20:F80)) -> 52 | B80: Kiểm tra thao tác lọc trên cột | C80: Cột Chỉ tiêu không có ô lọc | E80: 1. Tại màn hình "Danh sách hồ sơ pháp lý" (Cá nhân, 31358001, D11) mở menu Thao tác → Xử lý hồ sơ của hồ sơ Chờ xem xét 2. Quan sát header cột Chỉ tiêu | F80: Cột Chỉ tiêu không có icon/ô lọc (Quy tắc component: STT, Thao tác không lọc; SRS không mô tả lọc cho bảng này) | G80: Thấp
A81: =IF(F81="","",ROW()-19-COUNTBLANK($F$20:F81)) -> 53 | B81: Kiểm tra căn lề | C81: Căn lề cột Chỉ tiêu | E81: 1. Tại màn hình "Danh sách hồ sơ pháp lý" (Cá nhân, 31358001, D11) mở menu Thao tác → Xử lý hồ sơ của hồ sơ Chờ xem xét 2. Quan sát cột Chỉ tiêu | F81: Căn trái | G81: Thấp
A82: =IF(F82="","",ROW()-19-COUNTBLANK($F$20:F82)) | B82: Kiểm tra cột Hồ sơ đang xem xét
A83: =IF(F83="","",ROW()-19-COUNTBLANK($F$20:F83)) -> 54 | B83: Kiểm tra hiển thị | C83: Hiển thị cột Hồ sơ đang xem xét | E83: 1. Tại màn hình "Danh sách hồ sơ pháp lý" (Cá nhân, 31358001, D11) mở menu Thao tác → Xử lý hồ sơ của hồ sơ Chờ xem xét 2. Quan sát cột Hồ sơ đang xem xét | F83: Giá trị chỉ tiêu của hồ sơ đang xem xét — mốc so sánh (BR-036) | G83: Trung bình
A84: =IF(F84="","",ROW()-19-COUNTBLANK($F$20:F84)) -> 55 | B84: Kiểm tra chỉnh sửa | C84: Cột Hồ sơ đang xem xét chỉ đọc | E84: 1. Tại màn hình "Danh sách hồ sơ pháp lý" (Cá nhân, 31358001, D11) mở menu Thao tác → Xử lý hồ sơ của hồ sơ Chờ xem xét 2. Double-click / nhấn F2 vào ô của cột Hồ sơ đang xem xét | F84: Không mở edit mode, không có ô nhập; dữ liệu chỉ đọc | G84: Trung bình
A85: =IF(F85="","",ROW()-19-COUNTBLANK($F$20:F85)) -> 56 | B85: Kiểm tra thao tác lọc trên cột | C85: Cột Hồ sơ đang xem xét không có ô lọc | E85: 1. Tại màn hình "Danh sách hồ sơ pháp lý" (Cá nhân, 31358001, D11) mở menu Thao tác → Xử lý hồ sơ của hồ sơ Chờ xem xét 2. Quan sát header cột Hồ sơ đang xem xét | F85: Cột Hồ sơ đang xem xét không có icon/ô lọc (Quy tắc component: STT, Thao tác không lọc; SRS không mô tả lọc cho bảng này) | G85: Thấp
A86: =IF(F86="","",ROW()-19-COUNTBLANK($F$20:F86)) -> 57 | B86: Kiểm tra căn lề | C86: Căn lề cột Hồ sơ đang xem xét | E86: 1. Tại màn hình "Danh sách hồ sơ pháp lý" (Cá nhân, 31358001, D11) mở menu Thao tác → Xử lý hồ sơ của hồ sơ Chờ xem xét 2. Quan sát cột Hồ sơ đang xem xét | F86: Căn trái | G86: Thấp
A87: =IF(F87="","",ROW()-19-COUNTBLANK($F$20:F87)) | B87: Kiểm tra cột Hồ sơ khách hàng tại TCTD
A88: =IF(F88="","",ROW()-19-COUNTBLANK($F$20:F88)) -> 58 | B88: Kiểm tra hiển thị | C88: Hiển thị cột Hồ sơ khách hàng tại TCTD | E88: 1. Tại màn hình "Danh sách hồ sơ pháp lý" (Cá nhân, 31358001, D11) mở menu Thao tác → Xử lý hồ sơ của hồ sơ Chờ xem xét 2. Quan sát cột Hồ sơ khách hàng tại TCTD | F88: Giá trị theo phiên bản Ngày báo cáo đang chọn; ô khác mốc được tô nền (BR-032, BR-037) | G88: Trung bình
A89: =IF(F89="","",ROW()-19-COUNTBLANK($F$20:F89)) -> 59 | B89: Kiểm tra chỉnh sửa | C89: Cột Hồ sơ khách hàng tại TCTD chỉ đọc | E89: 1. Tại màn hình "Danh sách hồ sơ pháp lý" (Cá nhân, 31358001, D11) mở menu Thao tác → Xử lý hồ sơ của hồ sơ Chờ xem xét 2. Double-click / nhấn F2 vào ô của cột Hồ sơ khách hàng tại TCTD | F89: Không mở edit mode, không có ô nhập; dữ liệu chỉ đọc | G89: Trung bình
A90: =IF(F90="","",ROW()-19-COUNTBLANK($F$20:F90)) -> 60 | B90: Kiểm tra thao tác lọc trên cột | C90: Cột Hồ sơ khách hàng tại TCTD không có ô lọc | E90: 1. Tại màn hình "Danh sách hồ sơ pháp lý" (Cá nhân, 31358001, D11) mở menu Thao tác → Xử lý hồ sơ của hồ sơ Chờ xem xét 2. Quan sát header cột Hồ sơ khách hàng tại TCTD | F90: Cột Hồ sơ khách hàng tại TCTD không có icon/ô lọc (Quy tắc component: STT, Thao tác không lọc; SRS không mô tả lọc cho bảng này) | G90: Thấp
A91: =IF(F91="","",ROW()-19-COUNTBLANK($F$20:F91)) -> 61 | B91: Kiểm tra căn lề | C91: Căn lề cột Hồ sơ khách hàng tại TCTD | E91: 1. Tại màn hình "Danh sách hồ sơ pháp lý" (Cá nhân, 31358001, D11) mở menu Thao tác → Xử lý hồ sơ của hồ sơ Chờ xem xét 2. Quan sát cột Hồ sơ khách hàng tại TCTD | F91: Căn trái | G91: Thấp
A92: =IF(F92="","",ROW()-19-COUNTBLANK($F$20:F92)) | B92: Kiểm tra cột Hồ sơ khách hàng tại CIC
A93: =IF(F93="","",ROW()-19-COUNTBLANK($F$20:F93)) -> 62 | B93: Kiểm tra hiển thị | C93: Hiển thị cột Hồ sơ khách hàng tại CIC | E93: 1. Tại màn hình "Danh sách hồ sơ pháp lý" (Cá nhân, 31358001, D11) mở menu Thao tác → Xử lý hồ sơ của hồ sơ Chờ xem xét 2. Quan sát cột Hồ sơ khách hàng tại CIC | F93: Giá trị phiên bản duy nhất tại kho chuẩn CIC theo Mã CIC; ô khác mốc được tô nền; nhãn C06 cạnh tiêu đề khi đã xác thực (BR-033, BR-034) | G93: Trung bình
A94: =IF(F94="","",ROW()-19-COUNTBLANK($F$20:F94)) -> 63 | B94: Kiểm tra chỉnh sửa | C94: Cột Hồ sơ khách hàng tại CIC chỉ đọc | E94: 1. Tại màn hình "Danh sách hồ sơ pháp lý" (Cá nhân, 31358001, D11) mở menu Thao tác → Xử lý hồ sơ của hồ sơ Chờ xem xét 2. Double-click / nhấn F2 vào ô của cột Hồ sơ khách hàng tại CIC | F94: Không mở edit mode, không có ô nhập; dữ liệu chỉ đọc | G94: Trung bình
A95: =IF(F95="","",ROW()-19-COUNTBLANK($F$20:F95)) -> 64 | B95: Kiểm tra thao tác lọc trên cột | C95: Cột Hồ sơ khách hàng tại CIC không có ô lọc | E95: 1. Tại màn hình "Danh sách hồ sơ pháp lý" (Cá nhân, 31358001, D11) mở menu Thao tác → Xử lý hồ sơ của hồ sơ Chờ xem xét 2. Quan sát header cột Hồ sơ khách hàng tại CIC | F95: Cột Hồ sơ khách hàng tại CIC không có icon/ô lọc (Quy tắc component: STT, Thao tác không lọc; SRS không mô tả lọc cho bảng này) | G95: Thấp
A96: =IF(F96="","",ROW()-19-COUNTBLANK($F$20:F96)) -> 65 | B96: Kiểm tra căn lề | C96: Căn lề cột Hồ sơ khách hàng tại CIC | E96: 1. Tại màn hình "Danh sách hồ sơ pháp lý" (Cá nhân, 31358001, D11) mở menu Thao tác → Xử lý hồ sơ của hồ sơ Chờ xem xét 2. Quan sát cột Hồ sơ khách hàng tại CIC | F96: Căn trái | G96: Thấp
A97: =IF(F97="","",ROW()-19-COUNTBLANK($F$20:F97)) | B97: Kiểm tra bảng so sánh
A98: =IF(F98="","",ROW()-19-COUNTBLANK($F$20:F98)) -> 66 | B98: Kiểm tra cố định hàng tiêu đề khi cuộn | C98: Cuộn bảng so sánh | D98: Hồ sơ đủ chỉ tiêu, công tắc tắt | E98: 1. Tại màn hình "Danh sách hồ sơ pháp lý" (Cá nhân, 31358001, D11) mở menu Thao tác → Xử lý hồ sơ của hồ sơ Chờ xem xét 2. Cuộn bảng xuống cuối | F98: Hai thẻ và dòng tóm tắt cuộn khuất; hàng tiêu đề cột cùng ô chọn Ngày báo cáo giữ ở đầu vùng cuộn (BR-046, AC#7) | G98: Cao
A99: =IF(F99="","",ROW()-19-COUNTBLANK($F$20:F99)) -> 67 | B99: Kiểm tra nhãn C06 | C99: Nhãn đã xác thực C06 | D99: Hồ sơ CIC có cờ C06 / không có cờ | E99: 1. Tại màn hình "Danh sách hồ sơ pháp lý" (Cá nhân, 31358001, D11) mở menu Thao tác → Xử lý hồ sơ của hồ sơ Chờ xem xét | F99: Có cờ: hiển thị nhãn "C06" cạnh tiêu đề cột CIC; không có cờ: không hiển thị (BR-034, assumption Q42) | G99: Cao
A100: =IF(F100="","",ROW()-19-COUNTBLANK($F$20:F100)) | B100: Kiểm tra button Hủy
A101: =IF(F101="","",ROW()-19-COUNTBLANK($F$20:F101)) -> 68 | B101: Kiểm tra hiển thị button | C101: Kiểm tra hiển thị nút Hủy | E101: 1. Tại màn hình "Danh sách hồ sơ pháp lý" (Cá nhân, 31358001, D11) mở menu Thao tác → Xử lý hồ sơ của hồ sơ Chờ xem xét 2. Quan sát nút Hủy | F101: Nút "Hủy" ở chân popup "Xử lý hồ sơ pháp lý tệp D10/D11" | G101: Trung bình
A102: =IF(F102="","",ROW()-19-COUNTBLANK($F$20:F102)) -> 69 | B102: Kiểm tra trạng thái button | C102: Kiểm tra trạng thái enable/disable của nút Hủy | E102: 1. Tại màn hình "Danh sách hồ sơ pháp lý" (Cá nhân, 31358001, D11) mở menu Thao tác → Xử lý hồ sơ của hồ sơ Chờ xem xét 2. Quan sát trạng thái nút Hủy theo từng điều kiện | F102: Luôn enable | G102: Trung bình
A103: =IF(F103="","",ROW()-19-COUNTBLANK($F$20:F103)) -> 70 | B103: Kiểm tra thao tác click button | C103: Kiểm tra click nút Hủy | E103: 1. Tại màn hình "Danh sách hồ sơ pháp lý" (Cá nhân, 31358001, D11) mở menu Thao tác → Xử lý hồ sơ của hồ sơ Chờ xem xét 2. Click nút Hủy | F103: Đóng màn xử lý, về màn hình "Danh sách hồ sơ pháp lý" giữ bộ lọc/trang; hồ sơ vẫn Chờ xem xét (ALT-03, assumption Q33) | G103: Trung bình
A104: =IF(F104="","",ROW()-19-COUNTBLANK($F$20:F104)) | B104: Kiểm tra button Từ chối
A105: =IF(F105="","",ROW()-19-COUNTBLANK($F$20:F105)) -> 71 | B105: Kiểm tra hiển thị button | C105: Kiểm tra hiển thị nút Từ chối | E105: 1. Tại màn hình "Danh sách hồ sơ pháp lý" (Cá nhân, 31358001, D11) mở menu Thao tác → Xử lý hồ sơ của hồ sơ Chờ xem xét 2. Quan sát nút Từ chối | F105: Nút "Từ chối" | G105: Trung bình
...

Sheet M5_XuLy_Q11
B1: KỊCH BẢN KIỂM THỬ CHỨC NĂNG
B3: Tên màn hình/Tên chức năng | C3: Popup "Xử lý hồ sơ pháp lý tệp Q11" + popup "Xác nhận cập nhật thông tin hồ sơ"/popup "Xác nhận từ chối cập nhật thông tin hồ sơ" (FEAT-XLDL-009-05) | E3: KBNV
B4: Mã trường hợp kiểm thử | C4: HSPL | E4: TKCT
B6: Manual test
B7: Số trường hợp kiểm thử đạt (P) | C7: =COUNTIF($O$20:$O$293,"P") -> 0
B8: Số trường hợp kiểm thử không đạt (F) | C8: =COUNTIF($O$20:$O$293,"F") -> 0
B9: Số trường hợp kiểm thử đang xem xét (PE) | C9: =COUNTIF($O$20:$O$293,"PE") -> 0
B10: Số trường hợp kiểm thử chưa thực hiện | C10: =C11-C7-C8-C9 -> 243
B11: Tổng số trường hợp kiểm thử | C11: =COUNTA($F$20:$F$293) -> 243
A15: ID | B15: Mục đích kiểm thử | C15: Trường hợp kiểm thử | D15: Data test | E15: Các bước thực hiện | F15: Kết quả mong muốn | G15: Mức độ nghiêm trọng | H15: Hình ảnh | I15: Manual Test | O15: Kết quả test (M) | P15: Mã lỗi | Q15: Ghi chú
I16: WEB
I17: Lần 1 | J17: Ngày thực hiện | K17: Lần 2 | L17: Ngày thực hiện | M17: Lần 3 | N17: Ngày thực hiện
B18: Pre-condition: - Đăng nhập tài khoản cbxl01 (ROLE-CBTTXLDL, phân quyền TCTD 31358001 và 79202501) - Menu: Thu thập và xử lý dữ liệu > Xử lý dữ liệu > Hồ sơ pháp lý - Kho tiền dữ liệu có hồ sơ pháp lý hợp lệ tệp D10, D11, Q11 của cả KH Cá nhân và Tổ chức, ở đủ 4 trạng thái Chờ cấp mã / Chờ xem xét / Đã xử lý / Từ chối - Có hồ sơ Chờ xem xét của 31358001 có ≥ 3 phiên bản tại kho TCTD cùng Mã CIC và đầu mối; KH có hồ sơ tại CIC (có/không cờ C06) - Danh mục chỉ tiêu đánh dấu quan trọng: TTC04, CN001, CN005, CN006, CN008, CN010, CN016, TC004–TC006, TC011 - Tài khoản cbxl02 (ROLE-CBTTXLDL, phân quyền TCTD 31358001) để kiểm tra xử lý đồng thời giữa 2 cán bộ
B19: Giao diện (Phần này viết các trường hợp kiểm thử cho giao diện chung và các giao diện cho các control)
A20: =IF(F20="","",ROW()-19-COUNTBLANK($F$20:F20)) | B20: Kiểm tra giao diện chung
A21: =IF(F21="","",ROW()-19-COUNTBLANK($F$20:F21)) -> 1 | B21: Kiểm tra hiển thị màn hình mặc định | C21: Hiển thị popup "Xử lý hồ sơ pháp lý tệp Q11" khi mở | E21: 1. Tại màn hình "Danh sách hồ sơ pháp lý" (Cá nhân, 31358001, Q11) mở menu Thao tác → Xử lý hồ sơ của hồ sơ Chờ xem xét 2. Quan sát popup "Xử lý hồ sơ pháp lý tệp Q11" | F21: Popup "Xử lý hồ sơ pháp lý tệp Q11" hiển thị: - Thẻ hồ sơ đang xem xét: Tên KH, Mã khách hàng, Loại khách hàng, Đầu mối báo cáo, Ngày báo cáo, Trạng thái - Thẻ Hồ sơ tại CIC: Mã CIC, Loại khách hàng, TCTD có liên quan - Dòng "So sánh thông tin chỉ tiêu": tóm tắt số khác biệt, chú thích ★ / ô tô nền, công tắc "Chỉ hiện chỉ tiêu khác biệt" (tắt) - Bảng 3 cột giá trị: Hồ sơ đang xem xét / Hồ sơ khách hàng tại TCTD (ô chọn Ngày báo cáo) / Hồ sơ khách hàng tại CIC (nhãn C06) - Nút Hủy, Từ chối, Cập nhật | G21: Cao
A22: =IF(F22="","",ROW()-19-COUNTBLANK($F$20:F22)) -> 2 | B22: Kiểm tra tổng thể giao diện màn hình | C22: Bố cục, font chữ, căn lề, dấu (*), chính tả | E22: 1. Tại màn hình "Danh sách hồ sơ pháp lý" (Cá nhân, 31358001, Q11) mở menu Thao tác → Xử lý hồ sơ của hồ sơ Chờ xem xét 2. Quan sát toàn bộ label, control, button | F22: 1. Label, control có kích thước, khoảng cách đồng đều, không xô lệch 2. Cùng một font, cỡ chữ; label căn trái 3. Trường bắt buộc có dấu (*) 4. Không có lỗi chính tả, ngữ pháp | G22: Trung bình
A23: =IF(F23="","",ROW()-19-COUNTBLANK($F$20:F23)) -> 3 | B23: Kiểm tra thứ tự di chuyển con trỏ khi nhấn phím Tab | C23: Nhấn Tab liên tục từ control đầu tiên | E23: 1. Tại màn hình "Danh sách hồ sơ pháp lý" (Cá nhân, 31358001, Q11) mở menu Thao tác → Xử lý hồ sơ của hồ sơ Chờ xem xét 2. Nhấn phím Tab liên tục | F23: Con trỏ di chuyển lần lượt: công tắc → ô chọn Ngày báo cáo → bảng → Hủy → Từ chối → Cập nhật | G23: Trung bình
A24: =IF(F24="","",ROW()-19-COUNTBLANK($F$20:F24)) -> 4 | B24: Kiểm tra thứ tự di chuyển con trỏ khi nhấn phím Shift+Tab | C24: Nhấn Shift+Tab liên tục từ control cuối cùng | E24: 1. Tại màn hình "Danh sách hồ sơ pháp lý" (Cá nhân, 31358001, Q11) mở menu Thao tác → Xử lý hồ sơ của hồ sơ Chờ xem xét 2. Focus control cuối cùng 3. Nhấn Shift+Tab liên tục | F24: Con trỏ di chuyển theo thứ tự ngược lại với phím Tab (từ dưới lên trên, từ phải sang trái) | G24: Trung bình
A25: =IF(F25="","",ROW()-19-COUNTBLANK($F$20:F25)) -> 5 | B25: Kiểm tra phím Enter | C25: Nhấn Enter khi đang focus control | E25: 1. Tại màn hình "Danh sách hồ sơ pháp lý" (Cá nhân, 31358001, Q11) mở menu Thao tác → Xử lý hồ sơ của hồ sơ Chờ xem xét 2. Focus control 3. Nhấn phím Enter | F25: Focus nút và nhấn Enter → thực hiện chức năng của nút | G25: Trung bình
A26: =IF(F26="","",ROW()-19-COUNTBLANK($F$20:F26)) -> 6 | B26: Kiểm tra tính năng responsive màn hình | C26: Thay đổi mức zoom bằng Ctrl+− / Ctrl+= | D26: Zoom 75%, 100%, 125%, 150% | E26: 1. Tại màn hình "Danh sách hồ sơ pháp lý" (Cá nhân, 31358001, Q11) mở menu Thao tác → Xử lý hồ sơ của hồ sơ Chờ xem xét 2. Nhấn Ctrl+− / Ctrl+= để đổi mức zoom | F26: Layout hiển thị hài hòa, không tràn khung, không vỡ giao diện ở mọi mức zoom | G26: Thấp
A27: =IF(F27="","",ROW()-19-COUNTBLANK($F$20:F27)) -> 7 | B27: Kiểm tra ngôn ngữ tiếng Việt chuẩn hành chính | C27: Rà toàn bộ nhãn, từ viết tắt trên màn hình | D27: Từ viết tắt: KH, TCTD, TTQT, QHTD, CIC, C06 | E27: 1. Tại màn hình "Danh sách hồ sơ pháp lý" (Cá nhân, 31358001, Q11) mở menu Thao tác → Xử lý hồ sơ của hồ sơ Chờ xem xét 2. Rà các nhãn, giá trị có từ viết tắt | F27: Không có từ viết tắt không được định nghĩa; từ viết tắt có tooltip giải thích (Quy tắc component) | G27: Thấp
A28: =IF(F28="","",ROW()-19-COUNTBLANK($F$20:F28)) | B28: Kiểm tra button chung trên màn hình
A29: =IF(F29="","",ROW()-19-COUNTBLANK($F$20:F29)) -> 8 | B29: Kiểm tra căn lề, chính tả label button | C29: Kiểm tra căn lề, chính tả label các button | E29: 1. Tại màn hình "Danh sách hồ sơ pháp lý" (Cá nhân, 31358001, Q11) mở menu Thao tác → Xử lý hồ sơ của hồ sơ Chờ xem xét 2. Quan sát các button: Hủy, Từ chối, Cập nhật | F29: Text căn giữa, chữ thường và chữ cái đầu in hoa, không lỗi chính tả | G29: Thấp
A30: =IF(F30="","",ROW()-19-COUNTBLANK($F$20:F30)) -> 9 | B30: Kiểm tra trạng thái enabled/disabled của các button theo điều kiện | C30: Kiểm tra trạng thái các button | E30: 1. Tại màn hình "Danh sách hồ sơ pháp lý" (Cá nhân, 31358001, Q11) mở menu Thao tác → Xử lý hồ sơ của hồ sơ Chờ xem xét 2. Quan sát trạng thái các button | F30: Hiển thị đúng trạng thái theo điều kiện SRS; chỉ có duy nhất 1 Primary button (Cập nhật) trong một khu vực | G30: Trung bình
A31: =IF(F31="","",ROW()-19-COUNTBLANK($F$20:F31)) -> 10 | B31: Kiểm tra click button thực hiện đúng chức năng | C31: Kiểm tra click các button | E31: 1. Tại màn hình "Danh sách hồ sơ pháp lý" (Cá nhân, 31358001, Q11) mở menu Thao tác → Xử lý hồ sơ của hồ sơ Chờ xem xét 2. Click lần lượt từng button | F31: Mỗi button thực hiện đúng chức năng mô tả trong SRS | G31: Cao
A32: =IF(F32="","",ROW()-19-COUNTBLANK($F$20:F32)) -> 11 | B32: Kiểm tra loading và disable button khi đang xử lý | C32: Kiểm tra button khi hệ thống đang xử lý | D32: Giả lập mạng chậm (DevTools: Slow 3G) | E32: 1. Tại màn hình "Danh sách hồ sơ pháp lý" (Cá nhân, 31358001, Q11) mở menu Thao tác → Xử lý hồ sơ của hồ sơ Chờ xem xét 2. Click button gọi API 3. Click tiếp nhiều lần khi đang xử lý | F32: Button hiển thị loading spinner và bị disable; thao tác chỉ được thực hiện 1 lần | G32: Cao
A33: =IF(F33="","",ROW()-19-COUNTBLANK($F$20:F33)) -> 12 | B33: Kiểm tra giữ bộ lọc sau khi F5 hoặc chuyển trang | C33: Kiểm tra giữ tùy chọn bộ lọc và cấu hình hiển thị | E33: 1. Tại màn hình "Danh sách hồ sơ pháp lý" (Cá nhân, 31358001, Q11) mở menu Thao tác → Xử lý hồ sơ của hồ sơ Chờ xem xét 2. Chọn điều kiện, Tìm kiếm 3. Nhấn F5 hoặc chuyển sang chức năng khác rồi quay lại | F33: Hệ thống giữ tùy chọn bộ lọc và cấu hình hiển thị đã chọn trước đó (không lưu giá trị) — Quy tắc component | G33: Trung bình
A34: =IF(F34="","",ROW()-19-COUNTBLANK($F$20:F34)) | B34: Kiểm tra title Xử lý hồ sơ pháp lý
A35: =IF(F35="","",ROW()-19-COUNTBLANK($F$20:F35)) -> 13 | B35: Kiểm tra hiển thị title | C35: Kiểm tra hiển thị title | E35: 1. Tại màn hình "Danh sách hồ sơ pháp lý" (Cá nhân, 31358001, Q11) mở menu Thao tác → Xử lý hồ sơ của hồ sơ Chờ xem xét 2. Kiểm tra hiển thị title | F35: Title cố định mặc định: "Xử lý hồ sơ pháp lý" | G35: Thấp
A36: =IF(F36="","",ROW()-19-COUNTBLANK($F$20:F36)) -> 14 | B36: Kiểm tra chỉnh sửa title | C36: Kiểm tra chỉnh sửa title | E36: 1. Tại màn hình "Danh sách hồ sơ pháp lý" (Cá nhân, 31358001, Q11) mở menu Thao tác → Xử lý hồ sơ của hồ sơ Chờ xem xét 2. Click / thử nhập vào title | F36: Không cho phép chỉnh sửa | G36: Thấp
A37: =IF(F37="","",ROW()-19-COUNTBLANK($F$20:F37)) | B37: Kiểm tra thẻ hồ sơ đang xem xét
A38: =IF(F38="","",ROW()-19-COUNTBLANK($F$20:F38)) -> 15 | B38: Kiểm tra hiển thị tên khách hàng | C38: Hiển thị Tên khách hàng | E38: 1. Tại màn hình "Danh sách hồ sơ pháp lý" (Cá nhân, 31358001, Q11) mở menu Thao tác → Xử lý hồ sơ của hồ sơ Chờ xem xét 2. Quan sát Tên khách hàng | F38: Hiển thị TTC04 của hồ sơ đang xem xét; chỉ đọc | G38: Trung bình
A39: =IF(F39="","",ROW()-19-COUNTBLANK($F$20:F39)) -> 16 | B39: Kiểm tra hiển thị mã khách hàng | C39: Hiển thị Mã khách hàng | E39: 1. Tại màn hình "Danh sách hồ sơ pháp lý" (Cá nhân, 31358001, Q11) mở menu Thao tác → Xử lý hồ sơ của hồ sơ Chờ xem xét 2. Quan sát Mã khách hàng | F39: Hiển thị TTC03, cùng dòng với Mã CIC ở thẻ phải (BR-047); chỉ đọc | G39: Trung bình
A40: =IF(F40="","",ROW()-19-COUNTBLANK($F$20:F40)) -> 17 | B40: Kiểm tra hiển thị loại khách hàng | C40: Hiển thị Loại khách hàng | E40: 1. Tại màn hình "Danh sách hồ sơ pháp lý" (Cá nhân, 31358001, Q11) mở menu Thao tác → Xử lý hồ sơ của hồ sơ Chờ xem xét 2. Quan sát Loại khách hàng | F40: Hiển thị TTC05; chỉ đọc | G40: Trung bình
A41: =IF(F41="","",ROW()-19-COUNTBLANK($F$20:F41)) -> 18 | B41: Kiểm tra hiển thị đầu mối báo cáo | C41: Hiển thị Đầu mối báo cáo | E41: 1. Tại màn hình "Danh sách hồ sơ pháp lý" (Cá nhân, 31358001, Q11) mở menu Thao tác → Xử lý hồ sơ của hồ sơ Chờ xem xét 2. Quan sát Đầu mối báo cáo | F41: Hiển thị TTC00 dạng mã - tên; chỉ đọc | G41: Trung bình
A42: =IF(F42="","",ROW()-19-COUNTBLANK($F$20:F42)) -> 19 | B42: Kiểm tra hiển thị ngày báo cáo | C42: Hiển thị Ngày báo cáo | E42: 1. Tại màn hình "Danh sách hồ sơ pháp lý" (Cá nhân, 31358001, Q11) mở menu Thao tác → Xử lý hồ sơ của hồ sơ Chờ xem xét 2. Quan sát Ngày báo cáo | F42: Hiển thị KB001, DD/MM/YYYY; chỉ đọc | G42: Trung bình
A43: =IF(F43="","",ROW()-19-COUNTBLANK($F$20:F43)) -> 20 | B43: Kiểm tra hiển thị trạng thái | C43: Hiển thị Trạng thái | E43: 1. Tại màn hình "Danh sách hồ sơ pháp lý" (Cá nhân, 31358001, Q11) mở menu Thao tác → Xử lý hồ sơ của hồ sơ Chờ xem xét 2. Quan sát Trạng thái | F43: Hiển thị Badge "Chờ xem xét" màu cam; chỉ đọc | G43: Trung bình
A44: =IF(F44="","",ROW()-19-COUNTBLANK($F$20:F44)) | B44: Kiểm tra thẻ Hồ sơ tại CIC
A45: =IF(F45="","",ROW()-19-COUNTBLANK($F$20:F45)) -> 21 | B45: Kiểm tra hiển thị mã CIC | C45: Mã CIC chỉ xem | E45: 1. Tại màn hình "Danh sách hồ sơ pháp lý" (Cá nhân, 31358001, Q11) mở menu Thao tác → Xử lý hồ sơ của hồ sơ Chờ xem xét 2. Quan sát Mã CIC 3. Thử click / sửa Mã CIC | F45: Hiển thị Mã CIC của KH, không chọn được mã khác (mục 7 bảng thành phần của popup "Xử lý hồ sơ pháp lý tệp D10/D11") | G45: Cao
A46: =IF(F46="","",ROW()-19-COUNTBLANK($F$20:F46)) -> 22 | B46: Kiểm tra hiển thị loại khách hàng tại CIC | C46: TTC05 tại kho chuẩn | E46: 1. Tại màn hình "Danh sách hồ sơ pháp lý" (Cá nhân, 31358001, Q11) mở menu Thao tác → Xử lý hồ sơ của hồ sơ Chờ xem xét | F46: Hiển thị TTC05 của hồ sơ tại kho chuẩn CIC (BR-047) | G46: Trung bình
A47: =IF(F47="","",ROW()-19-COUNTBLANK($F$20:F47)) -> 23 | B47: Kiểm tra hiển thị TCTD có liên quan | C47: Danh sách mã TCTD | D47: KH được 3 TCTD báo cáo | E47: 1. Tại màn hình "Danh sách hồ sơ pháp lý" (Cá nhân, 31358001, Q11) mở menu Thao tác → Xử lý hồ sơ của hồ sơ Chờ xem xét | F47: Hiển thị mã các TCTD/CNTCTD còn hiệu lực ngăn cách bằng ";" (BR-047, assumption Q15) | G47: Trung bình
A48: =IF(F48="","",ROW()-19-COUNTBLANK($F$20:F48)) -> 24 | B48: Kiểm tra tooltip TCTD có liên quan | C48: Hover một mã TCTD | D48: 68202001 | E48: 1. Tại màn hình "Danh sách hồ sơ pháp lý" (Cá nhân, 31358001, Q11) mở menu Thao tác → Xử lý hồ sơ của hồ sơ Chờ xem xét 2. Hover mã 68202001 | F48: Tooltip tên đầy đủ TCTD/CNTCTD lấy từ NV-16 | G48: Trung bình
A49: =IF(F49="","",ROW()-19-COUNTBLANK($F$20:F49)) -> 25 | B49: Kiểm tra thứ tự dòng hai thẻ | C49: Căn hàng giữa 2 thẻ | E49: 1. Tại màn hình "Danh sách hồ sơ pháp lý" (Cá nhân, 31358001, Q11) mở menu Thao tác → Xử lý hồ sơ của hồ sơ Chờ xem xét | F49: Hai thẻ cùng thứ tự dòng: mã, Loại khách hàng, Đầu mối báo cáo / TCTD có liên quan (BR-047) | G49: Thấp
A50: =IF(F50="","",ROW()-19-COUNTBLANK($F$20:F50)) | B50: Kiểm tra tóm tắt khác biệt
A51: =IF(F51="","",ROW()-19-COUNTBLANK($F$20:F51)) -> 26 | B51: Kiểm tra hiển thị tóm tắt và chú thích | C51: Dòng So sánh thông tin chỉ tiêu | D51: 5 chỉ tiêu khác, 1 quan trọng | E51: 1. Tại màn hình "Danh sách hồ sơ pháp lý" (Cá nhân, 31358001, Q11) mở menu Thao tác → Xử lý hồ sơ của hồ sơ Chờ xem xét | F51: Hiển thị "5 chỉ tiêu khác biệt, 1 chỉ tiêu quan trọng", chú thích "★ Chỉ tiêu quan trọng", "Dữ liệu thay đổi" (BR-045, assumption Q10, Q42) | G51: Cao
A52: =IF(F52="","",ROW()-19-COUNTBLANK($F$20:F52)) | B52: Kiểm tra Checkbox Chỉ hiện chỉ tiêu khác biệt (công tắc)
A53: =IF(F53="","",ROW()-19-COUNTBLANK($F$20:F53)) -> 27 | B53: Kiểm tra hiển thị | C53: Hiển thị checkbox Chỉ hiện chỉ tiêu khác biệt (công tắc) | E53: 1. Tại màn hình "Danh sách hồ sơ pháp lý" (Cá nhân, 31358001, Q11) mở menu Thao tác → Xử lý hồ sơ của hồ sơ Chờ xem xét 2. Quan sát checkbox Chỉ hiện chỉ tiêu khác biệt (công tắc) | F53: Checkbox hiển thị đúng vị trí theo thiết kế | G53: Trung bình
A54: =IF(F54="","",ROW()-19-COUNTBLANK($F$20:F54)) -> 28 | B54: Kiểm tra giá trị mặc định | C54: Trạng thái mặc định | E54: 1. Tại màn hình "Danh sách hồ sơ pháp lý" (Cá nhân, 31358001, Q11) mở menu Thao tác → Xử lý hồ sơ của hồ sơ Chờ xem xét 2. Quan sát checkbox Chỉ hiện chỉ tiêu khác biệt (công tắc) | F54: Tắt (mặc định ở màn xử lý một hồ sơ — BR-045) | G54: Trung bình
A55: =IF(F55="","",ROW()-19-COUNTBLANK($F$20:F55)) -> 29 | B55: Kiểm tra check | C55: Tick checkbox | E55: 1. Tại màn hình "Danh sách hồ sơ pháp lý" (Cá nhân, 31358001, Q11) mở menu Thao tác → Xử lý hồ sơ của hồ sơ Chờ xem xét 2. Tick checkbox Chỉ hiện chỉ tiêu khác biệt (công tắc) | F55: Bảng chỉ hiển thị dòng chỉ tiêu khác biệt và tiêu đề nhóm chứa chúng (BR-045, AC#6) | G55: Cao
A56: =IF(F56="","",ROW()-19-COUNTBLANK($F$20:F56)) -> 30 | B56: Kiểm tra uncheck | C56: Bỏ tick checkbox | E56: 1. Tại màn hình "Danh sách hồ sơ pháp lý" (Cá nhân, 31358001, Q11) mở menu Thao tác → Xử lý hồ sơ của hồ sơ Chờ xem xét 2. Tick rồi bỏ tick checkbox Chỉ hiện chỉ tiêu khác biệt (công tắc) | F56: Bảng hiển thị đủ mọi chỉ tiêu | G56: Cao
A57: =IF(F57="","",ROW()-19-COUNTBLANK($F$20:F57)) -> 31 | B57: Kiểm tra thao tác bằng bàn phím | C57: Space để tick / bỏ tick | E57: 1. Tại màn hình "Danh sách hồ sơ pháp lý" (Cá nhân, 31358001, Q11) mở menu Thao tác → Xử lý hồ sơ của hồ sơ Chờ xem xét 2. Focus checkbox Chỉ hiện chỉ tiêu khác biệt (công tắc) bằng Tab 3. Nhấn Space | F57: Trạng thái checkbox đảo ngược, có viền focus rõ ràng (Quy tắc component) | G57: Thấp
A58: =IF(F58="","",ROW()-19-COUNTBLANK($F$20:F58)) -> 32 | B58: Kiểm tra trạng thái loading của công tắc | C58: Công tắc khi đang xử lý | D58: Giả lập mạng chậm, hồ sơ nhiều chỉ tiêu | E58: 1. Tại màn hình "Danh sách hồ sơ pháp lý" (Cá nhân, 31358001, Q11) mở menu Thao tác → Xử lý hồ sơ của hồ sơ Chờ xem xét 2. Bật / tắt công tắc 3. Click tiếp công tắc nhiều lần khi đang xử lý | F58: Công tắc hiển thị trạng thái loading và không nhận thao tác lặp cho tới khi bảng lọc xong (Quy tắc component — Switch; GAP-05) | G58: Trung bình
A59: =IF(F59="","",ROW()-19-COUNTBLANK($F$20:F59)) | B59: Kiểm tra Dropdown Ngày báo cáo (cột Hồ sơ khách hàng tại TCTD)
A60: =IF(F60="","",ROW()-19-COUNTBLANK($F$20:F60)) -> 33 | B60: Kiểm tra hiển thị | C60: Hiển thị Dropdown Ngày báo cáo (cột Hồ sơ khách hàng tại TCTD) | E60: 1. Tại màn hình "Danh sách hồ sơ pháp lý" (Cá nhân, 31358001, Q11) mở menu Thao tác → Xử lý hồ sơ của hồ sơ Chờ xem xét 2. Quan sát Dropdown Ngày báo cáo (cột Hồ sơ khách hàng tại TCTD) | F60: Dropdown hiển thị đúng vị trí, kích thước theo thiết kế, có icon mũi tên; click toàn bộ vùng control đều mở danh sách | G60: Trung bình
A61: =IF(F61="","",ROW()-19-COUNTBLANK($F$20:F61)) -> 34 | B61: Kiểm tra giá trị mặc định | C61: Giá trị mặc định khi mở màn hình | E61: 1. Tại màn hình "Danh sách hồ sơ pháp lý" (Cá nhân, 31358001, Q11) mở menu Thao tác → Xử lý hồ sơ của hồ sơ Chờ xem xét 2. Quan sát giá trị Dropdown Ngày báo cáo (cột Hồ sơ khách hàng tại TCTD) | F61: Mặc định phiên bản mới nhất theo Ngày báo cáo (BR-032) | G61: Cao
A62: =IF(F62="","",ROW()-19-COUNTBLANK($F$20:F62)) -> 35 | B62: Kiểm tra placeholder | C62: Placeholder khi chưa có giá trị | E62: 1. Tại màn hình "Danh sách hồ sơ pháp lý" (Cá nhân, 31358001, Q11) mở menu Thao tác → Xử lý hồ sơ của hồ sơ Chờ xem xét 2. Quan sát placeholder Dropdown Ngày báo cáo (cột Hồ sơ khách hàng tại TCTD) | F62: Không áp dụng — luôn có giá trị | G62: Thấp
A63: =IF(F63="","",ROW()-19-COUNTBLANK($F$20:F63)) -> 36 | B63: Kiểm tra trường bắt buộc | C63: Tính bắt buộc của trường | E63: 1. Tại màn hình "Danh sách hồ sơ pháp lý" (Cá nhân, 31358001, Q11) mở menu Thao tác → Xử lý hồ sơ của hồ sơ Chờ xem xét 2. Quan sát nhãn / dấu (*) của Ngày báo cáo (cột Hồ sơ khách hàng tại TCTD) | F63: Không đánh dấu (*); luôn có một phiên bản được chọn | G63: Cao
A64: =IF(F64="","",ROW()-19-COUNTBLANK($F$20:F64)) -> 37 | B64: Kiểm tra options hiển thị đúng | C64: Danh sách option | E64: 1. Tại màn hình "Danh sách hồ sơ pháp lý" (Cá nhân, 31358001, Q11) mở menu Thao tác → Xử lý hồ sơ của hồ sơ Chờ xem xét 2. Click mở Dropdown Ngày báo cáo (cột Hồ sơ khách hàng tại TCTD) | F64: Tối đa 3 phiên bản mới nhất theo Ngày báo cáo, cùng Mã CIC và cùng đầu mối, không gồm chính hồ sơ đang xem xét (BR-032, Q03); định dạng DD/MM/YYYY | G64: Cao
A65: =IF(F65="","",ROW()-19-COUNTBLANK($F$20:F65)) -> 38 | B65: Kiểm tra sử dụng bàn phím | C65: Thao tác hoàn toàn bằng bàn phím | E65: 1. Tại màn hình "Danh sách hồ sơ pháp lý" (Cá nhân, 31358001, Q11) mở menu Thao tác → Xử lý hồ sơ của hồ sơ Chờ xem xét, nhấn Tab/Shift+Tab focus vào Dropdown Ngày báo cáo (cột Hồ sơ khách hàng tại TCTD) 2. Nhấn phím Enter 3. Nhấn phím Up/Down 4. Nhấn phím Enter khi đang focus một giá trị 5. Nhấn Tab/Shift+Tab | F65: 1. Dropdown được focus 2. Danh sách lựa chọn hiển thị 3. Con trỏ di chuyển theo danh sách lựa chọn 4. Giá trị được chọn và hiển thị lên dropdown 5. Con trỏ di chuyển đến control tiếp theo / trước đó | G65: Trung bình
A66: =IF(F66="","",ROW()-19-COUNTBLANK($F$20:F66)) -> 39 | B66: Kiểm tra hiển thị scroll | C66: Số option < 5 | D66: Danh sách thực tế 3 option | E66: 1. Tại màn hình "Danh sách hồ sơ pháp lý" (Cá nhân, 31358001, Q11) mở menu Thao tác → Xử lý hồ sơ của hồ sơ Chờ xem xét 2. Mở Dropdown Ngày báo cáo (cột Hồ sơ khách hàng tại TCTD) | F66: Không hiển thị thanh scroll | G66: Thấp
A67: =IF(F67="","",ROW()-19-COUNTBLANK($F$20:F67)) -> 40 | C67: Số option = 5 | D67: Danh sách theo SRS cố định 3 giá trị — giả lập danh mục trên môi trường test có 5 option | E67: 1. Tại màn hình "Danh sách hồ sơ pháp lý" (Cá nhân, 31358001, Q11) mở menu Thao tác → Xử lý hồ sơ của hồ sơ Chờ xem xét 2. Mở Dropdown Ngày báo cáo (cột Hồ sơ khách hàng tại TCTD) | F67: Không hiển thị thanh scroll | G67: Thấp
A68: =IF(F68="","",ROW()-19-COUNTBLANK($F$20:F68)) -> 41 | C68: Số option > 5 | D68: Danh sách theo SRS cố định 3 giá trị — giả lập danh mục trên môi trường test có > 10 option | E68: 1. Tại màn hình "Danh sách hồ sơ pháp lý" (Cá nhân, 31358001, Q11) mở menu Thao tác → Xử lý hồ sơ của hồ sơ Chờ xem xét 2. Mở Dropdown Ngày báo cáo (cột Hồ sơ khách hàng tại TCTD) 3. Cuộn danh sách | F68: Hiển thị thanh scroll; mặc định hiển thị 10 item, phần còn lại tải khi cuộn hoặc tìm kiếm (virtual scroll — Quy tắc component) | G68: Thấp
A69: =IF(F69="","",ROW()-19-COUNTBLANK($F$20:F69)) -> 42 | B69: Kiểm tra chọn giá trị | C69: Chọn 1 giá trị | D69: Chọn một option bất kỳ | E69: 1. Tại màn hình "Danh sách hồ sơ pháp lý" (Cá nhân, 31358001, Q11) mở menu Thao tác → Xử lý hồ sơ của hồ sơ Chờ xem xét 2. Mở Dropdown Ngày báo cáo (cột Hồ sơ khách hàng tại TCTD) 3. Click một option | F69: Giá trị được chọn hiển thị lên dropdown, danh sách đóng lại, giá trị được focus | G69: Cao
A70: =IF(F70="","",ROW()-19-COUNTBLANK($F$20:F70)) -> 43 | C70: Chọn nhiều giá trị | D70: Chọn lần lượt 2 option | E70: 1. Tại màn hình "Danh sách hồ sơ pháp lý" (Cá nhân, 31358001, Q11) mở menu Thao tác → Xử lý hồ sơ của hồ sơ Chờ xem xét 2. Chọn option thứ nhất 3. Mở lại và chọn option thứ hai | F70: Không cho phép chọn nhiều; dropdown hiển thị giá trị chọn gần nhất | G70: Trung bình
A71: =IF(F71="","",ROW()-19-COUNTBLANK($F$20:F71)) -> 44 | C71: Bỏ chọn giá trị đã chọn | D71: Xóa giá trị đã chọn | E71: 1. Tại màn hình "Danh sách hồ sơ pháp lý" (Cá nhân, 31358001, Q11) mở menu Thao tác → Xử lý hồ sơ của hồ sơ Chờ xem xét 2. Chọn một option 3. Thực hiện bỏ chọn (icon x / phím Delete) | F71: Không cho bỏ chọn về rỗng: dropdown luôn giữ một giá trị (trường bắt buộc chọn đúng một giá trị — BR-013) | G71: Trung bình
A72: =IF(F72="","",ROW()-19-COUNTBLANK($F$20:F72)) -> 45 | B72: Kiểm tra options hiển thị đúng | C72: Trường hợp call API thành công | D72: Dữ liệu trả về khác rỗng | E72: 1. Click mở danh sách | F72: Danh sách hiển thị đầy đủ options đúng theo dữ liệu API trả về | G72: Trung bình
A73: =IF(F73="","",ROW()-19-COUNTBLANK($F$20:F73)) -> 46 | D73: Dữ liệu trả về là rỗng | E73: 1. Giả lập API trả về danh sách rỗng 2. Click mở danh sách | F73: Danh sách hiển thị trạng thái rỗng "Không có dữ liệu" kèm icon | G73: Trung bình
A74: =IF(F74="","",ROW()-19-COUNTBLANK($F$20:F74)) -> 47 | C74: Trường hợp call API bị thất bại | D74: API trả lỗi 500 / mất kết nối | E74: 1. Giả lập API lỗi 2. Click mở danh sách | F74: Hiển thị thông báo lỗi hoặc trạng thái rỗng; giao diện không bị treo/crash | G74: Trung bình
A75: =IF(F75="","",ROW()-19-COUNTBLANK($F$20:F75)) -> 48 | C75: Trường hợp call API bị time out | D75: API phản hồi quá thời gian chờ | E75: 1. Giả lập API time out 2. Click mở danh sách | F75: Hiển thị loading trong thời gian chờ; sau time out hiển thị thông báo lỗi hoặc trạng thái rỗng; UI không treo | G75: Trung bình
A76: =IF(F76="","",ROW()-19-COUNTBLANK($F$20:F76)) -> 49 | B76: Kiểm tra dropdown bắt buộc không cho bỏ chọn | C76: Dropdown bắt buộc luôn có giá trị | E76: 1. Tại màn hình "Danh sách hồ sơ pháp lý" (Cá nhân, 31358001, Q11) mở menu Thao tác → Xử lý hồ sơ của hồ sơ Chờ xem xét 2. Thử xóa giá trị của Dropdown Ngày báo cáo (cột Hồ sơ khách hàng tại TCTD) | F76: Không thể xóa về rỗng; giá trị vẫn được gửi khi Tìm kiếm | G76: Trung bình
A77: =IF(F77="","",ROW()-19-COUNTBLANK($F$20:F77)) | B77: Kiểm tra cột Chỉ tiêu
A78: =IF(F78="","",ROW()-19-COUNTBLANK($F$20:F78)) -> 50 | B78: Kiểm tra hiển thị | C78: Hiển thị cột Chỉ tiêu | E78: 1. Tại màn hình "Danh sách hồ sơ pháp lý" (Cá nhân, 31358001, Q11) mở menu Thao tác → Xử lý hồ sơ của hồ sơ Chờ xem xét 2. Quan sát cột Chỉ tiêu | F78: Mã chỉ tiêu; ★ trước mã chỉ tiêu quan trọng; hover hiển thị tên chỉ tiêu; nhóm theo tiêu đề nhóm (BR-030, BR-035) | G78: Trung bình
A79: =IF(F79="","",ROW()-19-COUNTBLANK($F$20:F79)) -> 51 | B79: Kiểm tra chỉnh sửa | C79: Cột Chỉ tiêu chỉ đọc | E79: 1. Tại màn hình "Danh sách hồ sơ pháp lý" (Cá nhân, 31358001, Q11) mở menu Thao tác → Xử lý hồ sơ của hồ sơ Chờ xem xét 2. Double-click / nhấn F2 vào ô của cột Chỉ tiêu | F79: Không mở edit mode, không có ô nhập; dữ liệu chỉ đọc | G79: Trung bình
A80: =IF(F80="","",ROW()-19-COUNTBLANK($F$20:F80)) -> 52 | B80: Kiểm tra thao tác lọc trên cột | C80: Cột Chỉ tiêu không có ô lọc | E80: 1. Tại màn hình "Danh sách hồ sơ pháp lý" (Cá nhân, 31358001, Q11) mở menu Thao tác → Xử lý hồ sơ của hồ sơ Chờ xem xét 2. Quan sát header cột Chỉ tiêu | F80: Cột Chỉ tiêu không có icon/ô lọc (Quy tắc component: STT, Thao tác không lọc; SRS không mô tả lọc cho bảng này) | G80: Thấp
A81: =IF(F81="","",ROW()-19-COUNTBLANK($F$20:F81)) -> 53 | B81: Kiểm tra căn lề | C81: Căn lề cột Chỉ tiêu | E81: 1. Tại màn hình "Danh sách hồ sơ pháp lý" (Cá nhân, 31358001, Q11) mở menu Thao tác → Xử lý hồ sơ của hồ sơ Chờ xem xét 2. Quan sát cột Chỉ tiêu | F81: Căn trái | G81: Thấp
A82: =IF(F82="","",ROW()-19-COUNTBLANK($F$20:F82)) | B82: Kiểm tra cột Hồ sơ đang xem xét
A83: =IF(F83="","",ROW()-19-COUNTBLANK($F$20:F83)) -> 54 | B83: Kiểm tra hiển thị | C83: Hiển thị cột Hồ sơ đang xem xét | E83: 1. Tại màn hình "Danh sách hồ sơ pháp lý" (Cá nhân, 31358001, Q11) mở menu Thao tác → Xử lý hồ sơ của hồ sơ Chờ xem xét 2. Quan sát cột Hồ sơ đang xem xét | F83: Giá trị chỉ tiêu của hồ sơ đang xem xét — mốc so sánh (BR-036) | G83: Trung bình
A84: =IF(F84="","",ROW()-19-COUNTBLANK($F$20:F84)) -> 55 | B84: Kiểm tra chỉnh sửa | C84: Cột Hồ sơ đang xem xét chỉ đọc | E84: 1. Tại màn hình "Danh sách hồ sơ pháp lý" (Cá nhân, 31358001, Q11) mở menu Thao tác → Xử lý hồ sơ của hồ sơ Chờ xem xét 2. Double-click / nhấn F2 vào ô của cột Hồ sơ đang xem xét | F84: Không mở edit mode, không có ô nhập; dữ liệu chỉ đọc | G84: Trung bình
A85: =IF(F85="","",ROW()-19-COUNTBLANK($F$20:F85)) -> 56 | B85: Kiểm tra thao tác lọc trên cột | C85: Cột Hồ sơ đang xem xét không có ô lọc | E85: 1. Tại màn hình "Danh sách hồ sơ pháp lý" (Cá nhân, 31358001, Q11) mở menu Thao tác → Xử lý hồ sơ của hồ sơ Chờ xem xét 2. Quan sát header cột Hồ sơ đang xem xét | F85: Cột Hồ sơ đang xem xét không có icon/ô lọc (Quy tắc component: STT, Thao tác không lọc; SRS không mô tả lọc cho bảng này) | G85: Thấp
A86: =IF(F86="","",ROW()-19-COUNTBLANK($F$20:F86)) -> 57 | B86: Kiểm tra căn lề | C86: Căn lề cột Hồ sơ đang xem xét | E86: 1. Tại màn hình "Danh sách hồ sơ pháp lý" (Cá nhân, 31358001, Q11) mở menu Thao tác → Xử lý hồ sơ của hồ sơ Chờ xem xét 2. Quan sát cột Hồ sơ đang xem xét | F86: Căn trái | G86: Thấp
A87: =IF(F87="","",ROW()-19-COUNTBLANK($F$20:F87)) | B87: Kiểm tra cột Hồ sơ khách hàng tại TCTD
A88: =IF(F88="","",ROW()-19-COUNTBLANK($F$20:F88)) -> 58 | B88: Kiểm tra hiển thị | C88: Hiển thị cột Hồ sơ khách hàng tại TCTD | E88: 1. Tại màn hình "Danh sách hồ sơ pháp lý" (Cá nhân, 31358001, Q11) mở menu Thao tác → Xử lý hồ sơ của hồ sơ Chờ xem xét 2. Quan sát cột Hồ sơ khách hàng tại TCTD | F88: Giá trị theo phiên bản Ngày báo cáo đang chọn; ô khác mốc được tô nền (BR-032, BR-037) | G88: Trung bình
A89: =IF(F89="","",ROW()-19-COUNTBLANK($F$20:F89)) -> 59 | B89: Kiểm tra chỉnh sửa | C89: Cột Hồ sơ khách hàng tại TCTD chỉ đọc | E89: 1. Tại màn hình "Danh sách hồ sơ pháp lý" (Cá nhân, 31358001, Q11) mở menu Thao tác → Xử lý hồ sơ của hồ sơ Chờ xem xét 2. Double-click / nhấn F2 vào ô của cột Hồ sơ khách hàng tại TCTD | F89: Không mở edit mode, không có ô nhập; dữ liệu chỉ đọc | G89: Trung bình
A90: =IF(F90="","",ROW()-19-COUNTBLANK($F$20:F90)) -> 60 | B90: Kiểm tra thao tác lọc trên cột | C90: Cột Hồ sơ khách hàng tại TCTD không có ô lọc | E90: 1. Tại màn hình "Danh sách hồ sơ pháp lý" (Cá nhân, 31358001, Q11) mở menu Thao tác → Xử lý hồ sơ của hồ sơ Chờ xem xét 2. Quan sát header cột Hồ sơ khách hàng tại TCTD | F90: Cột Hồ sơ khách hàng tại TCTD không có icon/ô lọc (Quy tắc component: STT, Thao tác không lọc; SRS không mô tả lọc cho bảng này) | G90: Thấp
A91: =IF(F91="","",ROW()-19-COUNTBLANK($F$20:F91)) -> 61 | B91: Kiểm tra căn lề | C91: Căn lề cột Hồ sơ khách hàng tại TCTD | E91: 1. Tại màn hình "Danh sách hồ sơ pháp lý" (Cá nhân, 31358001, Q11) mở menu Thao tác → Xử lý hồ sơ của hồ sơ Chờ xem xét 2. Quan sát cột Hồ sơ khách hàng tại TCTD | F91: Căn trái | G91: Thấp
A92: =IF(F92="","",ROW()-19-COUNTBLANK($F$20:F92)) | B92: Kiểm tra cột Hồ sơ khách hàng tại CIC
A93: =IF(F93="","",ROW()-19-COUNTBLANK($F$20:F93)) -> 62 | B93: Kiểm tra hiển thị | C93: Hiển thị cột Hồ sơ khách hàng tại CIC | E93: 1. Tại màn hình "Danh sách hồ sơ pháp lý" (Cá nhân, 31358001, Q11) mở menu Thao tác → Xử lý hồ sơ của hồ sơ Chờ xem xét 2. Quan sát cột Hồ sơ khách hàng tại CIC | F93: Giá trị phiên bản duy nhất tại kho chuẩn CIC theo Mã CIC; ô khác mốc được tô nền; nhãn C06 cạnh tiêu đề khi đã xác thực (BR-033, BR-034) | G93: Trung bình
A94: =IF(F94="","",ROW()-19-COUNTBLANK($F$20:F94)) -> 63 | B94: Kiểm tra chỉnh sửa | C94: Cột Hồ sơ khách hàng tại CIC chỉ đọc | E94: 1. Tại màn hình "Danh sách hồ sơ pháp lý" (Cá nhân, 31358001, Q11) mở menu Thao tác → Xử lý hồ sơ của hồ sơ Chờ xem xét 2. Double-click / nhấn F2 vào ô của cột Hồ sơ khách hàng tại CIC | F94: Không mở edit mode, không có ô nhập; dữ liệu chỉ đọc | G94: Trung bình
A95: =IF(F95="","",ROW()-19-COUNTBLANK($F$20:F95)) -> 64 | B95: Kiểm tra thao tác lọc trên cột | C95: Cột Hồ sơ khách hàng tại CIC không có ô lọc | E95: 1. Tại màn hình "Danh sách hồ sơ pháp lý" (Cá nhân, 31358001, Q11) mở menu Thao tác → Xử lý hồ sơ của hồ sơ Chờ xem xét 2. Quan sát header cột Hồ sơ khách hàng tại CIC | F95: Cột Hồ sơ khách hàng tại CIC không có icon/ô lọc (Quy tắc component: STT, Thao tác không lọc; SRS không mô tả lọc cho bảng này) | G95: Thấp
A96: =IF(F96="","",ROW()-19-COUNTBLANK($F$20:F96)) -> 65 | B96: Kiểm tra căn lề | C96: Căn lề cột Hồ sơ khách hàng tại CIC | E96: 1. Tại màn hình "Danh sách hồ sơ pháp lý" (Cá nhân, 31358001, Q11) mở menu Thao tác → Xử lý hồ sơ của hồ sơ Chờ xem xét 2. Quan sát cột Hồ sơ khách hàng tại CIC | F96: Căn trái | G96: Thấp
A97: =IF(F97="","",ROW()-19-COUNTBLANK($F$20:F97)) | B97: Kiểm tra bảng so sánh
A98: =IF(F98="","",ROW()-19-COUNTBLANK($F$20:F98)) -> 66 | B98: Kiểm tra cố định hàng tiêu đề khi cuộn | C98: Cuộn bảng so sánh | D98: Hồ sơ đủ chỉ tiêu, công tắc tắt | E98: 1. Tại màn hình "Danh sách hồ sơ pháp lý" (Cá nhân, 31358001, Q11) mở menu Thao tác → Xử lý hồ sơ của hồ sơ Chờ xem xét 2. Cuộn bảng xuống cuối | F98: Hai thẻ và dòng tóm tắt cuộn khuất; hàng tiêu đề cột cùng ô chọn Ngày báo cáo giữ ở đầu vùng cuộn (BR-046, AC#7) | G98: Cao
A99: =IF(F99="","",ROW()-19-COUNTBLANK($F$20:F99)) -> 67 | B99: Kiểm tra nhãn C06 | C99: Nhãn đã xác thực C06 | D99: Hồ sơ CIC có cờ C06 / không có cờ | E99: 1. Tại màn hình "Danh sách hồ sơ pháp lý" (Cá nhân, 31358001, Q11) mở menu Thao tác → Xử lý hồ sơ của hồ sơ Chờ xem xét | F99: Có cờ: hiển thị nhãn "C06" cạnh tiêu đề cột CIC; không có cờ: không hiển thị (BR-034, assumption Q42) | G99: Cao
A100: =IF(F100="","",ROW()-19-COUNTBLANK($F$20:F100)) | B100: Kiểm tra button Hủy
A101: =IF(F101="","",ROW()-19-COUNTBLANK($F$20:F101)) -> 68 | B101: Kiểm tra hiển thị button | C101: Kiểm tra hiển thị nút Hủy | E101: 1. Tại màn hình "Danh sách hồ sơ pháp lý" (Cá nhân, 31358001, Q11) mở menu Thao tác → Xử lý hồ sơ của hồ sơ Chờ xem xét 2. Quan sát nút Hủy | F101: Nút "Hủy" ở chân popup "Xử lý hồ sơ pháp lý tệp Q11" | G101: Trung bình
A102: =IF(F102="","",ROW()-19-COUNTBLANK($F$20:F102)) -> 69 | B102: Kiểm tra trạng thái button | C102: Kiểm tra trạng thái enable/disable của nút Hủy | E102: 1. Tại màn hình "Danh sách hồ sơ pháp lý" (Cá nhân, 31358001, Q11) mở menu Thao tác → Xử lý hồ sơ của hồ sơ Chờ xem xét 2. Quan sát trạng thái nút Hủy theo từng điều kiện | F102: Luôn enable | G102: Trung bình
A103: =IF(F103="","",ROW()-19-COUNTBLANK($F$20:F103)) -> 70 | B103: Kiểm tra thao tác click button | C103: Kiểm tra click nút Hủy | E103: 1. Tại màn hình "Danh sách hồ sơ pháp lý" (Cá nhân, 31358001, Q11) mở menu Thao tác → Xử lý hồ sơ của hồ sơ Chờ xem xét 2. Click nút Hủy | F103: Đóng màn xử lý, về màn hình "Danh sách hồ sơ pháp lý" giữ bộ lọc/trang; hồ sơ vẫn Chờ xem xét (ALT-03, assumption Q33) | G103: Trung bình
A104: =IF(F104="","",ROW()-19-COUNTBLANK($F$20:F104)) | B104: Kiểm tra button Từ chối
A105: =IF(F105="","",ROW()-19-COUNTBLANK($F$20:F105)) -> 71 | B105: Kiểm tra hiển thị button | C105: Kiểm tra hiển thị nút Từ chối | E105: 1. Tại màn hình "Danh sách hồ sơ pháp lý" (Cá nhân, 31358001, Q11) mở menu Thao tác → Xử lý hồ sơ của hồ sơ Chờ xem xét 2. Quan sát nút Từ chối | F105: Nút "Từ chối" | G105: Trung bình
...

Sheet M7_XuLyDongThoi
B1: KỊCH BẢN KIỂM THỬ CHỨC NĂNG
B3: Tên màn hình/Tên chức năng | C3: Màn hình "Xử lý đồng thời hồ sơ pháp lý" D10/D11 và Q11 + popup "Xác nhận cập nhật thông tin hồ sơ"/popup "Xác nhận từ chối cập nhật thông tin hồ sơ" (FEAT-XLDL-009-06, 07) | E3: KBNV
B4: Mã trường hợp kiểm thử | C4: HSPL | E4: TKCT
B6: Manual test
B7: Số trường hợp kiểm thử đạt (P) | C7: =COUNTIF($O$20:$O$339,"P") -> 0
B8: Số trường hợp kiểm thử không đạt (F) | C8: =COUNTIF($O$20:$O$339,"F") -> 0
B9: Số trường hợp kiểm thử đang xem xét (PE) | C9: =COUNTIF($O$20:$O$339,"PE") -> 0
B10: Số trường hợp kiểm thử chưa thực hiện | C10: =C11-C7-C8-C9 -> 284
B11: Tổng số trường hợp kiểm thử | C11: =COUNTA($F$20:$F$339) -> 284
A15: ID | B15: Mục đích kiểm thử | C15: Trường hợp kiểm thử | D15: Data test | E15: Các bước thực hiện | F15: Kết quả mong muốn | G15: Mức độ nghiêm trọng | H15: Hình ảnh | I15: Manual Test | O15: Kết quả test (M) | P15: Mã lỗi | Q15: Ghi chú
I16: WEB
I17: Lần 1 | J17: Ngày thực hiện | K17: Lần 2 | L17: Ngày thực hiện | M17: Lần 3 | N17: Ngày thực hiện
B18: Pre-condition: - Đăng nhập tài khoản cbxl01 (ROLE-CBTTXLDL, phân quyền TCTD 31358001 và 79202501) - Menu: Thu thập và xử lý dữ liệu > Xử lý dữ liệu > Hồ sơ pháp lý - Kho tiền dữ liệu có hồ sơ pháp lý hợp lệ tệp D10, D11, Q11 của cả KH Cá nhân và Tổ chức, ở đủ 4 trạng thái Chờ cấp mã / Chờ xem xét / Đã xử lý / Từ chối - Có hồ sơ Chờ xem xét của 31358001 có ≥ 3 phiên bản tại kho TCTD cùng Mã CIC và đầu mối; KH có hồ sơ tại CIC (có/không cờ C06) - Danh mục chỉ tiêu đánh dấu quan trọng: TTC04, CN001, CN005, CN006, CN008, CN010, CN016, TC004–TC006, TC011 - Tài khoản cbxl02 (ROLE-CBTTXLDL, phân quyền TCTD 31358001) để kiểm tra xử lý đồng thời giữa 2 cán bộ
B19: Giao diện (Phần này viết các trường hợp kiểm thử cho giao diện chung và các giao diện cho các control)
A20: =IF(F20="","",ROW()-19-COUNTBLANK($F$20:F20)) | B20: Kiểm tra giao diện chung
A21: =IF(F21="","",ROW()-19-COUNTBLANK($F$20:F21)) -> 1 | B21: Kiểm tra hiển thị màn hình mặc định | C21: Hiển thị màn hình "Xử lý đồng thời hồ sơ pháp lý" khi mở | E21: 1. Tại màn hình "Danh sách hồ sơ pháp lý" (Cá nhân, 31358001, D11) tick 8 hồ sơ Chờ xem xét, click Xử lý hồ sơ trên dải thao tác 2. Quan sát màn hình "Xử lý đồng thời hồ sơ pháp lý" | F21: Màn hình "Xử lý đồng thời hồ sơ pháp lý" hiển thị: - Vùng trái "Hồ sơ đã chọn (n)", dòng phụ "Tệp <mã> · Khách hàng <loại>", danh sách hồ sơ có ô chọn - Thẻ hồ sơ đang xem xét: Tên KH, Mã khách hàng, Loại khách hàng, Đầu mối báo cáo, Ngày báo cáo, Trạng thái - Thẻ Hồ sơ tại CIC: Mã CIC, Loại khách hàng, TCTD có liên quan - Dòng "So sánh thông tin chỉ tiêu": tóm tắt số khác biệt, chú thích ★ / ô tô nền, công tắc "Chỉ hiện chỉ tiêu khác biệt" (bật) - Bảng 3 cột giá trị: Hồ sơ đang xem xét / Hồ sơ khách hàng tại TCTD (ô chọn Ngày báo cáo) / Hồ sơ khách hàng tại CIC (nhãn C06) - Nút Hủy, Từ chối (n), Cập nhật (n) | G21: Cao
A22: =IF(F22="","",ROW()-19-COUNTBLANK($F$20:F22)) -> 2 | B22: Kiểm tra tổng thể giao diện màn hình | C22: Bố cục, font chữ, căn lề, dấu (*), chính tả | E22: 1. Tại màn hình "Danh sách hồ sơ pháp lý" (Cá nhân, 31358001, D11) tick 8 hồ sơ Chờ xem xét, click Xử lý hồ sơ trên dải thao tác 2. Quan sát toàn bộ label, control, button | F22: 1. Label, control có kích thước, khoảng cách đồng đều, không xô lệch 2. Cùng một font, cỡ chữ; label căn trái 3. Trường bắt buộc có dấu (*) 4. Không có lỗi chính tả, ngữ pháp | G22: Trung bình
A23: =IF(F23="","",ROW()-19-COUNTBLANK($F$20:F23)) -> 3 | B23: Kiểm tra thứ tự di chuyển con trỏ khi nhấn phím Tab | C23: Nhấn Tab liên tục từ control đầu tiên | E23: 1. Tại màn hình "Danh sách hồ sơ pháp lý" (Cá nhân, 31358001, D11) tick 8 hồ sơ Chờ xem xét, click Xử lý hồ sơ trên dải thao tác 2. Nhấn phím Tab liên tục | F23: Con trỏ di chuyển lần lượt: Danh sách hồ sơ đã chọn → công tắc → ô chọn Ngày báo cáo → bảng → Hủy → Từ chối → Cập nhật | G23: Trung bình
A24: =IF(F24="","",ROW()-19-COUNTBLANK($F$20:F24)) -> 4 | B24: Kiểm tra thứ tự di chuyển con trỏ khi nhấn phím Shift+Tab | C24: Nhấn Shift+Tab liên tục từ control cuối cùng | E24: 1. Tại màn hình "Danh sách hồ sơ pháp lý" (Cá nhân, 31358001, D11) tick 8 hồ sơ Chờ xem xét, click Xử lý hồ sơ trên dải thao tác 2. Focus control cuối cùng 3. Nhấn Shift+Tab liên tục | F24: Con trỏ di chuyển theo thứ tự ngược lại với phím Tab (từ dưới lên trên, từ phải sang trái) | G24: Trung bình
A25: =IF(F25="","",ROW()-19-COUNTBLANK($F$20:F25)) -> 5 | B25: Kiểm tra phím Enter | C25: Nhấn Enter khi đang focus control | E25: 1. Tại màn hình "Danh sách hồ sơ pháp lý" (Cá nhân, 31358001, D11) tick 8 hồ sơ Chờ xem xét, click Xử lý hồ sơ trên dải thao tác 2. Focus control 3. Nhấn phím Enter | F25: Focus nút và nhấn Enter → thực hiện chức năng của nút | G25: Trung bình
A26: =IF(F26="","",ROW()-19-COUNTBLANK($F$20:F26)) -> 6 | B26: Kiểm tra tính năng responsive màn hình | C26: Thay đổi mức zoom bằng Ctrl+− / Ctrl+= | D26: Zoom 75%, 100%, 125%, 150% | E26: 1. Tại màn hình "Danh sách hồ sơ pháp lý" (Cá nhân, 31358001, D11) tick 8 hồ sơ Chờ xem xét, click Xử lý hồ sơ trên dải thao tác 2. Nhấn Ctrl+− / Ctrl+= để đổi mức zoom | F26: Layout hiển thị hài hòa, không tràn khung, không vỡ giao diện ở mọi mức zoom | G26: Thấp
A27: =IF(F27="","",ROW()-19-COUNTBLANK($F$20:F27)) -> 7 | B27: Kiểm tra ngôn ngữ tiếng Việt chuẩn hành chính | C27: Rà toàn bộ nhãn, từ viết tắt trên màn hình | D27: Từ viết tắt: KH, TCTD, TTQT, QHTD, CIC, C06 | E27: 1. Tại màn hình "Danh sách hồ sơ pháp lý" (Cá nhân, 31358001, D11) tick 8 hồ sơ Chờ xem xét, click Xử lý hồ sơ trên dải thao tác 2. Rà các nhãn, giá trị có từ viết tắt | F27: Không có từ viết tắt không được định nghĩa; từ viết tắt có tooltip giải thích (Quy tắc component) | G27: Thấp
A28: =IF(F28="","",ROW()-19-COUNTBLANK($F$20:F28)) | B28: Kiểm tra button chung trên màn hình
A29: =IF(F29="","",ROW()-19-COUNTBLANK($F$20:F29)) -> 8 | B29: Kiểm tra căn lề, chính tả label button | C29: Kiểm tra căn lề, chính tả label các button | E29: 1. Tại màn hình "Danh sách hồ sơ pháp lý" (Cá nhân, 31358001, D11) tick 8 hồ sơ Chờ xem xét, click Xử lý hồ sơ trên dải thao tác 2. Quan sát các button: Hủy, Từ chối (n), Cập nhật (n) | F29: Text căn giữa, chữ thường và chữ cái đầu in hoa, không lỗi chính tả | G29: Thấp
A30: =IF(F30="","",ROW()-19-COUNTBLANK($F$20:F30)) -> 9 | B30: Kiểm tra trạng thái enabled/disabled của các button theo điều kiện | C30: Kiểm tra trạng thái các button | E30: 1. Tại màn hình "Danh sách hồ sơ pháp lý" (Cá nhân, 31358001, D11) tick 8 hồ sơ Chờ xem xét, click Xử lý hồ sơ trên dải thao tác 2. Quan sát trạng thái các button | F30: Hiển thị đúng trạng thái theo điều kiện SRS; chỉ có duy nhất 1 Primary button (Cập nhật (n)) trong một khu vực | G30: Trung bình
A31: =IF(F31="","",ROW()-19-COUNTBLANK($F$20:F31)) -> 10 | B31: Kiểm tra click button thực hiện đúng chức năng | C31: Kiểm tra click các button | E31: 1. Tại màn hình "Danh sách hồ sơ pháp lý" (Cá nhân, 31358001, D11) tick 8 hồ sơ Chờ xem xét, click Xử lý hồ sơ trên dải thao tác 2. Click lần lượt từng button | F31: Mỗi button thực hiện đúng chức năng mô tả trong SRS | G31: Cao
A32: =IF(F32="","",ROW()-19-COUNTBLANK($F$20:F32)) -> 11 | B32: Kiểm tra loading và disable button khi đang xử lý | C32: Kiểm tra button khi hệ thống đang xử lý | D32: Giả lập mạng chậm (DevTools: Slow 3G) | E32: 1. Tại màn hình "Danh sách hồ sơ pháp lý" (Cá nhân, 31358001, D11) tick 8 hồ sơ Chờ xem xét, click Xử lý hồ sơ trên dải thao tác 2. Click button gọi API 3. Click tiếp nhiều lần khi đang xử lý | F32: Button hiển thị loading spinner và bị disable; thao tác chỉ được thực hiện 1 lần | G32: Cao
A33: =IF(F33="","",ROW()-19-COUNTBLANK($F$20:F33)) -> 12 | B33: Kiểm tra giữ bộ lọc sau khi F5 hoặc chuyển trang | C33: Kiểm tra giữ tùy chọn bộ lọc và cấu hình hiển thị | E33: 1. Tại màn hình "Danh sách hồ sơ pháp lý" (Cá nhân, 31358001, D11) tick 8 hồ sơ Chờ xem xét, click Xử lý hồ sơ trên dải thao tác 2. Chọn điều kiện, Tìm kiếm 3. Nhấn F5 hoặc chuyển sang chức năng khác rồi quay lại | F33: Hệ thống giữ tùy chọn bộ lọc và cấu hình hiển thị đã chọn trước đó (không lưu giá trị) — Quy tắc component | G33: Trung bình
A34: =IF(F34="","",ROW()-19-COUNTBLANK($F$20:F34)) | B34: Kiểm tra title Xử lý đồng thời hồ sơ pháp lý
A35: =IF(F35="","",ROW()-19-COUNTBLANK($F$20:F35)) -> 13 | B35: Kiểm tra hiển thị title | C35: Kiểm tra hiển thị title | E35: 1. Tại màn hình "Danh sách hồ sơ pháp lý" (Cá nhân, 31358001, D11) tick 8 hồ sơ Chờ xem xét, click Xử lý hồ sơ trên dải thao tác 2. Kiểm tra hiển thị title | F35: Title cố định mặc định: "Xử lý đồng thời hồ sơ pháp lý" | G35: Thấp
A36: =IF(F36="","",ROW()-19-COUNTBLANK($F$20:F36)) -> 14 | B36: Kiểm tra chỉnh sửa title | C36: Kiểm tra chỉnh sửa title | E36: 1. Tại màn hình "Danh sách hồ sơ pháp lý" (Cá nhân, 31358001, D11) tick 8 hồ sơ Chờ xem xét, click Xử lý hồ sơ trên dải thao tác 2. Click / thử nhập vào title | F36: Không cho phép chỉnh sửa | G36: Thấp
A37: =IF(F37="","",ROW()-19-COUNTBLANK($F$20:F37)) | B37: Kiểm tra danh sách hồ sơ đã chọn
A38: =IF(F38="","",ROW()-19-COUNTBLANK($F$20:F38)) -> 15 | B38: Kiểm tra tiêu đề và dòng phụ | C38: Tiêu đề vùng danh sách | D38: 8 hồ sơ D11 cá nhân | E38: 1. Tại màn hình "Danh sách hồ sơ pháp lý" (Cá nhân, 31358001, D11) tick 8 hồ sơ Chờ xem xét, click Xử lý hồ sơ trên dải thao tác | F38: Tiêu đề "Hồ sơ đã chọn (8)", dòng phụ "Tệp D11 · Khách hàng cá nhân" (assumption Q34) | G38: Trung bình
A39: =IF(F39="","",ROW()-19-COUNTBLANK($F$20:F39)) -> 16 | B39: Kiểm tra nội dung mỗi hồ sơ | C39: Thông tin trên từng dòng | E39: 1. Tại màn hình "Danh sách hồ sơ pháp lý" (Cá nhân, 31358001, D11) tick 8 hồ sơ Chờ xem xét, click Xử lý hồ sơ trên dải thao tác | F39: Mỗi hồ sơ: ô chọn, Tên khách hàng, "Mã KH ... · Đầu mối ...", "Mã CIC ...", chip mã chỉ tiêu khác biệt (★ trước chỉ tiêu quan trọng) — BR-042 | G39: Cao
A40: =IF(F40="","",ROW()-19-COUNTBLANK($F$20:F40)) -> 17 | B40: Kiểm tra thứ tự hồ sơ | C40: Thứ tự trong danh sách | D40: Chọn dòng 7 rồi dòng 3 trên màn hình "Danh sách hồ sơ pháp lý" | E40: 1. Tại màn hình "Danh sách hồ sơ pháp lý" (Cá nhân, 31358001, D11) tick 8 hồ sơ Chờ xem xét, click Xử lý hồ sơ trên dải thao tác | F40: Thứ tự theo thứ tự trên màn hình "Danh sách hồ sơ pháp lý" (dòng 3 trước dòng 7) — assumption Q34 | G40: Trung bình
A41: =IF(F41="","",ROW()-19-COUNTBLANK($F$20:F41)) -> 18 | B41: Kiểm tra hồ sơ đang xem mặc định | C41: Hồ sơ được xem khi mở trang | E41: 1. Tại màn hình "Danh sách hồ sơ pháp lý" (Cá nhân, 31358001, D11) tick 8 hồ sơ Chờ xem xét, click Xử lý hồ sơ trên dải thao tác | F41: Hồ sơ đầu tiên được highlight và hiển thị ở vùng so sánh (BR-042, AC#1) | G41: Cao
A42: =IF(F42="","",ROW()-19-COUNTBLANK($F$20:F42)) -> 19 | B42: Kiểm tra cuộn danh sách | C42: Danh sách nhiều hồ sơ | D42: 20 hồ sơ | E42: 1. Tại màn hình "Danh sách hồ sơ pháp lý" (Cá nhân, 31358001, D11) tick 8 hồ sơ Chờ xem xét, click Xử lý hồ sơ trên dải thao tác 2. Cuộn vùng danh sách | F42: Danh sách cuộn dọc độc lập với vùng so sánh, footer nút không bị che (CMP-042) | G42: Trung bình
A43: =IF(F43="","",ROW()-19-COUNTBLANK($F$20:F43)) -> 20 | B43: Kiểm tra chuyển hồ sơ đang xem | C43: Click một hồ sơ khác | E43: 1. Tại màn hình "Danh sách hồ sơ pháp lý" (Cá nhân, 31358001, D11) tick 8 hồ sơ Chờ xem xét, click Xử lý hồ sơ trên dải thao tác 2. Click hồ sơ thứ 3 | F43: Hồ sơ 3 được highlight; vùng so sánh chuyển sang hồ sơ 3 (thẻ, tóm tắt, bảng) — BR-042 | G43: Cao
A44: =IF(F44="","",ROW()-19-COUNTBLANK($F$20:F44)) | B44: Kiểm tra Checkbox Chọn hồ sơ
A45: =IF(F45="","",ROW()-19-COUNTBLANK($F$20:F45)) -> 21 | B45: Kiểm tra hiển thị | C45: Hiển thị checkbox Chọn hồ sơ | E45: 1. Tại màn hình "Danh sách hồ sơ pháp lý" (Cá nhân, 31358001, D11) tick 8 hồ sơ Chờ xem xét, click Xử lý hồ sơ trên dải thao tác 2. Quan sát checkbox Chọn hồ sơ | F45: Checkbox hiển thị đúng vị trí theo thiết kế | G45: Trung bình
A46: =IF(F46="","",ROW()-19-COUNTBLANK($F$20:F46)) -> 22 | B46: Kiểm tra giá trị mặc định | C46: Trạng thái mặc định | E46: 1. Tại màn hình "Danh sách hồ sơ pháp lý" (Cá nhân, 31358001, D11) tick 8 hồ sơ Chờ xem xét, click Xử lý hồ sơ trên dải thao tác 2. Quan sát checkbox Chọn hồ sơ | F46: Mọi hồ sơ trong danh sách đều được chọn (BR-042) | G46: Trung bình
A47: =IF(F47="","",ROW()-19-COUNTBLANK($F$20:F47)) -> 23 | B47: Kiểm tra check | C47: Tick checkbox | E47: 1. Tại màn hình "Danh sách hồ sơ pháp lý" (Cá nhân, 31358001, D11) tick 8 hồ sơ Chờ xem xét, click Xử lý hồ sơ trên dải thao tác 2. Tick checkbox Chọn hồ sơ | F47: Hồ sơ hiển thị bình thường; số trên nút Từ chối (n), Cập nhật (n) tăng 1 | G47: Cao
A48: =IF(F48="","",ROW()-19-COUNTBLANK($F$20:F48)) -> 24 | B48: Kiểm tra uncheck | C48: Bỏ tick checkbox | E48: 1. Tại màn hình "Danh sách hồ sơ pháp lý" (Cá nhân, 31358001, D11) tick 8 hồ sơ Chờ xem xét, click Xử lý hồ sơ trên dải thao tác 2. Tick rồi bỏ tick checkbox Chọn hồ sơ | F48: Hồ sơ hiển thị mờ, vẫn click xem được; số trên nút giảm 1 (BR-042, ALT-04) | G48: Cao
A49: =IF(F49="","",ROW()-19-COUNTBLANK($F$20:F49)) -> 25 | B49: Kiểm tra thao tác bằng bàn phím | C49: Space để tick / bỏ tick | E49: 1. Tại màn hình "Danh sách hồ sơ pháp lý" (Cá nhân, 31358001, D11) tick 8 hồ sơ Chờ xem xét, click Xử lý hồ sơ trên dải thao tác 2. Focus checkbox Chọn hồ sơ bằng Tab 3. Nhấn Space | F49: Trạng thái checkbox đảo ngược, có viền focus rõ ràng (Quy tắc component) | G49: Thấp
A50: =IF(F50="","",ROW()-19-COUNTBLANK($F$20:F50)) -> 26 | B50: Kiểm tra bỏ chọn tất cả hồ sơ | C50: N = 0 | D50: Bỏ chọn cả 8 hồ sơ | E50: 1. Tại màn hình "Danh sách hồ sơ pháp lý" (Cá nhân, 31358001, D11) tick 8 hồ sơ Chờ xem xét, click Xử lý hồ sơ trên dải thao tác 2. Bỏ tick lần lượt 8 hồ sơ | F50: Nút Từ chối (0), Cập nhật (0) bị khóa (BR-042) | G50: Cao
A51: =IF(F51="","",ROW()-19-COUNTBLANK($F$20:F51)) | B51: Kiểm tra thẻ hồ sơ đang xem xét
A52: =IF(F52="","",ROW()-19-COUNTBLANK($F$20:F52)) -> 27 | B52: Kiểm tra hiển thị tên khách hàng | C52: Hiển thị Tên khách hàng | E52: 1. Tại màn hình "Danh sách hồ sơ pháp lý" (Cá nhân, 31358001, D11) tick 8 hồ sơ Chờ xem xét, click Xử lý hồ sơ trên dải thao tác 2. Quan sát Tên khách hàng | F52: Hiển thị TTC04 của hồ sơ đang xem xét; chỉ đọc | G52: Trung bình
A53: =IF(F53="","",ROW()-19-COUNTBLANK($F$20:F53)) -> 28 | B53: Kiểm tra hiển thị mã khách hàng | C53: Hiển thị Mã khách hàng | E53: 1. Tại màn hình "Danh sách hồ sơ pháp lý" (Cá nhân, 31358001, D11) tick 8 hồ sơ Chờ xem xét, click Xử lý hồ sơ trên dải thao tác 2. Quan sát Mã khách hàng | F53: Hiển thị TTC03, cùng dòng với Mã CIC ở thẻ phải (BR-047); chỉ đọc | G53: Trung bình
A54: =IF(F54="","",ROW()-19-COUNTBLANK($F$20:F54)) -> 29 | B54: Kiểm tra hiển thị loại khách hàng | C54: Hiển thị Loại khách hàng | E54: 1. Tại màn hình "Danh sách hồ sơ pháp lý" (Cá nhân, 31358001, D11) tick 8 hồ sơ Chờ xem xét, click Xử lý hồ sơ trên dải thao tác 2. Quan sát Loại khách hàng | F54: Hiển thị TTC05; chỉ đọc | G54: Trung bình
A55: =IF(F55="","",ROW()-19-COUNTBLANK($F$20:F55)) -> 30 | B55: Kiểm tra hiển thị đầu mối báo cáo | C55: Hiển thị Đầu mối báo cáo | E55: 1. Tại màn hình "Danh sách hồ sơ pháp lý" (Cá nhân, 31358001, D11) tick 8 hồ sơ Chờ xem xét, click Xử lý hồ sơ trên dải thao tác 2. Quan sát Đầu mối báo cáo | F55: Hiển thị TTC00 dạng mã - tên; chỉ đọc | G55: Trung bình
A56: =IF(F56="","",ROW()-19-COUNTBLANK($F$20:F56)) -> 31 | B56: Kiểm tra hiển thị ngày báo cáo | C56: Hiển thị Ngày báo cáo | E56: 1. Tại màn hình "Danh sách hồ sơ pháp lý" (Cá nhân, 31358001, D11) tick 8 hồ sơ Chờ xem xét, click Xử lý hồ sơ trên dải thao tác 2. Quan sát Ngày báo cáo | F56: Hiển thị KB001, DD/MM/YYYY; chỉ đọc | G56: Trung bình
A57: =IF(F57="","",ROW()-19-COUNTBLANK($F$20:F57)) -> 32 | B57: Kiểm tra hiển thị trạng thái | C57: Hiển thị Trạng thái | E57: 1. Tại màn hình "Danh sách hồ sơ pháp lý" (Cá nhân, 31358001, D11) tick 8 hồ sơ Chờ xem xét, click Xử lý hồ sơ trên dải thao tác 2. Quan sát Trạng thái | F57: Hiển thị Badge "Chờ xem xét" màu cam; chỉ đọc | G57: Trung bình
A58: =IF(F58="","",ROW()-19-COUNTBLANK($F$20:F58)) | B58: Kiểm tra thẻ Hồ sơ tại CIC
A59: =IF(F59="","",ROW()-19-COUNTBLANK($F$20:F59)) -> 33 | B59: Kiểm tra hiển thị mã CIC | C59: Mã CIC chỉ xem | E59: 1. Tại màn hình "Danh sách hồ sơ pháp lý" (Cá nhân, 31358001, D11) tick 8 hồ sơ Chờ xem xét, click Xử lý hồ sơ trên dải thao tác 2. Quan sát Mã CIC 3. Thử click / sửa Mã CIC | F59: Hiển thị Mã CIC của KH, không chọn được mã khác (mục 7 bảng thành phần của popup "Xử lý hồ sơ pháp lý tệp D10/D11", BR-043, assumption Q14) | G59: Cao
A60: =IF(F60="","",ROW()-19-COUNTBLANK($F$20:F60)) -> 34 | B60: Kiểm tra hiển thị loại khách hàng tại CIC | C60: TTC05 tại kho chuẩn | E60: 1. Tại màn hình "Danh sách hồ sơ pháp lý" (Cá nhân, 31358001, D11) tick 8 hồ sơ Chờ xem xét, click Xử lý hồ sơ trên dải thao tác | F60: Hiển thị TTC05 của hồ sơ tại kho chuẩn CIC (BR-047) | G60: Trung bình
A61: =IF(F61="","",ROW()-19-COUNTBLANK($F$20:F61)) -> 35 | B61: Kiểm tra hiển thị TCTD có liên quan | C61: Danh sách mã TCTD | D61: KH được 3 TCTD báo cáo | E61: 1. Tại màn hình "Danh sách hồ sơ pháp lý" (Cá nhân, 31358001, D11) tick 8 hồ sơ Chờ xem xét, click Xử lý hồ sơ trên dải thao tác | F61: Hiển thị mã các TCTD/CNTCTD còn hiệu lực ngăn cách bằng ";" (BR-047, assumption Q15) | G61: Trung bình
A62: =IF(F62="","",ROW()-19-COUNTBLANK($F$20:F62)) -> 36 | B62: Kiểm tra tooltip TCTD có liên quan | C62: Hover một mã TCTD | D62: 68202001 | E62: 1. Tại màn hình "Danh sách hồ sơ pháp lý" (Cá nhân, 31358001, D11) tick 8 hồ sơ Chờ xem xét, click Xử lý hồ sơ trên dải thao tác 2. Hover mã 68202001 | F62: Tooltip tên đầy đủ TCTD/CNTCTD lấy từ NV-16 | G62: Trung bình
A63: =IF(F63="","",ROW()-19-COUNTBLANK($F$20:F63)) -> 37 | B63: Kiểm tra thứ tự dòng hai thẻ | C63: Căn hàng giữa 2 thẻ | E63: 1. Tại màn hình "Danh sách hồ sơ pháp lý" (Cá nhân, 31358001, D11) tick 8 hồ sơ Chờ xem xét, click Xử lý hồ sơ trên dải thao tác | F63: Hai thẻ cùng thứ tự dòng: mã, Loại khách hàng, Đầu mối báo cáo / TCTD có liên quan (BR-047) | G63: Thấp
A64: =IF(F64="","",ROW()-19-COUNTBLANK($F$20:F64)) | B64: Kiểm tra tóm tắt khác biệt
A65: =IF(F65="","",ROW()-19-COUNTBLANK($F$20:F65)) -> 38 | B65: Kiểm tra hiển thị tóm tắt và chú thích | C65: Dòng So sánh thông tin chỉ tiêu | D65: 5 chỉ tiêu khác, 1 quan trọng | E65: 1. Tại màn hình "Danh sách hồ sơ pháp lý" (Cá nhân, 31358001, D11) tick 8 hồ sơ Chờ xem xét, click Xử lý hồ sơ trên dải thao tác | F65: Hiển thị "5 chỉ tiêu khác biệt, 1 chỉ tiêu quan trọng", chú thích "★ Chỉ tiêu quan trọng", "Dữ liệu thay đổi" (BR-045, assumption Q10, Q42) | G65: Cao
A66: =IF(F66="","",ROW()-19-COUNTBLANK($F$20:F66)) | B66: Kiểm tra Checkbox Chỉ hiện chỉ tiêu khác biệt (công tắc)
A67: =IF(F67="","",ROW()-19-COUNTBLANK($F$20:F67)) -> 39 | B67: Kiểm tra hiển thị | C67: Hiển thị checkbox Chỉ hiện chỉ tiêu khác biệt (công tắc) | E67: 1. Tại màn hình "Danh sách hồ sơ pháp lý" (Cá nhân, 31358001, D11) tick 8 hồ sơ Chờ xem xét, click Xử lý hồ sơ trên dải thao tác 2. Quan sát checkbox Chỉ hiện chỉ tiêu khác biệt (công tắc) | F67: Checkbox hiển thị đúng vị trí theo thiết kế | G67: Trung bình
A68: =IF(F68="","",ROW()-19-COUNTBLANK($F$20:F68)) -> 40 | B68: Kiểm tra giá trị mặc định | C68: Trạng thái mặc định | E68: 1. Tại màn hình "Danh sách hồ sơ pháp lý" (Cá nhân, 31358001, D11) tick 8 hồ sơ Chờ xem xét, click Xử lý hồ sơ trên dải thao tác 2. Quan sát checkbox Chỉ hiện chỉ tiêu khác biệt (công tắc) | F68: Bật (mặc định ở màn xử lý đồng thời — BR-045) | G68: Trung bình
A69: =IF(F69="","",ROW()-19-COUNTBLANK($F$20:F69)) -> 41 | B69: Kiểm tra check | C69: Tick checkbox | E69: 1. Tại màn hình "Danh sách hồ sơ pháp lý" (Cá nhân, 31358001, D11) tick 8 hồ sơ Chờ xem xét, click Xử lý hồ sơ trên dải thao tác 2. Tick checkbox Chỉ hiện chỉ tiêu khác biệt (công tắc) | F69: Bảng chỉ hiển thị dòng chỉ tiêu khác biệt và tiêu đề nhóm chứa chúng (BR-045, AC#6) | G69: Cao
A70: =IF(F70="","",ROW()-19-COUNTBLANK($F$20:F70)) -> 42 | B70: Kiểm tra uncheck | C70: Bỏ tick checkbox | E70: 1. Tại màn hình "Danh sách hồ sơ pháp lý" (Cá nhân, 31358001, D11) tick 8 hồ sơ Chờ xem xét, click Xử lý hồ sơ trên dải thao tác 2. Tick rồi bỏ tick checkbox Chỉ hiện chỉ tiêu khác biệt (công tắc) | F70: Bảng hiển thị đủ mọi chỉ tiêu | G70: Cao
A71: =IF(F71="","",ROW()-19-COUNTBLANK($F$20:F71)) -> 43 | B71: Kiểm tra thao tác bằng bàn phím | C71: Space để tick / bỏ tick | E71: 1. Tại màn hình "Danh sách hồ sơ pháp lý" (Cá nhân, 31358001, D11) tick 8 hồ sơ Chờ xem xét, click Xử lý hồ sơ trên dải thao tác 2. Focus checkbox Chỉ hiện chỉ tiêu khác biệt (công tắc) bằng Tab 3. Nhấn Space | F71: Trạng thái checkbox đảo ngược, có viền focus rõ ràng (Quy tắc component) | G71: Thấp
A72: =IF(F72="","",ROW()-19-COUNTBLANK($F$20:F72)) -> 44 | B72: Kiểm tra trạng thái loading của công tắc | C72: Công tắc khi đang xử lý | D72: Giả lập mạng chậm, hồ sơ nhiều chỉ tiêu | E72: 1. Tại màn hình "Danh sách hồ sơ pháp lý" (Cá nhân, 31358001, D11) tick 8 hồ sơ Chờ xem xét, click Xử lý hồ sơ trên dải thao tác 2. Bật / tắt công tắc 3. Click tiếp công tắc nhiều lần khi đang xử lý | F72: Công tắc hiển thị trạng thái loading và không nhận thao tác lặp cho tới khi bảng lọc xong (Quy tắc component — Switch; GAP-05) | G72: Trung bình
A73: =IF(F73="","",ROW()-19-COUNTBLANK($F$20:F73)) | B73: Kiểm tra Dropdown Ngày báo cáo (cột Hồ sơ khách hàng tại TCTD)
A74: =IF(F74="","",ROW()-19-COUNTBLANK($F$20:F74)) -> 45 | B74: Kiểm tra hiển thị | C74: Hiển thị Dropdown Ngày báo cáo (cột Hồ sơ khách hàng tại TCTD) | E74: 1. Tại màn hình "Danh sách hồ sơ pháp lý" (Cá nhân, 31358001, D11) tick 8 hồ sơ Chờ xem xét, click Xử lý hồ sơ trên dải thao tác 2. Quan sát Dropdown Ngày báo cáo (cột Hồ sơ khách hàng tại TCTD) | F74: Dropdown hiển thị đúng vị trí, kích thước theo thiết kế, có icon mũi tên; click toàn bộ vùng control đều mở danh sách | G74: Trung bình
A75: =IF(F75="","",ROW()-19-COUNTBLANK($F$20:F75)) -> 46 | B75: Kiểm tra giá trị mặc định | C75: Giá trị mặc định khi mở màn hình | E75: 1. Tại màn hình "Danh sách hồ sơ pháp lý" (Cá nhân, 31358001, D11) tick 8 hồ sơ Chờ xem xét, click Xử lý hồ sơ trên dải thao tác 2. Quan sát giá trị Dropdown Ngày báo cáo (cột Hồ sơ khách hàng tại TCTD) | F75: Mặc định phiên bản mới nhất theo Ngày báo cáo (BR-032) | G75: Cao
A76: =IF(F76="","",ROW()-19-COUNTBLANK($F$20:F76)) -> 47 | B76: Kiểm tra placeholder | C76: Placeholder khi chưa có giá trị | E76: 1. Tại màn hình "Danh sách hồ sơ pháp lý" (Cá nhân, 31358001, D11) tick 8 hồ sơ Chờ xem xét, click Xử lý hồ sơ trên dải thao tác 2. Quan sát placeholder Dropdown Ngày báo cáo (cột Hồ sơ khách hàng tại TCTD) | F76: Không áp dụng — luôn có giá trị | G76: Thấp
A77: =IF(F77="","",ROW()-19-COUNTBLANK($F$20:F77)) -> 48 | B77: Kiểm tra trường bắt buộc | C77: Tính bắt buộc của trường | E77: 1. Tại màn hình "Danh sách hồ sơ pháp lý" (Cá nhân, 31358001, D11) tick 8 hồ sơ Chờ xem xét, click Xử lý hồ sơ trên dải thao tác 2. Quan sát nhãn / dấu (*) của Ngày báo cáo (cột Hồ sơ khách hàng tại TCTD) | F77: Không đánh dấu (*); luôn có một phiên bản được chọn | G77: Cao
A78: =IF(F78="","",ROW()-19-COUNTBLANK($F$20:F78)) -> 49 | B78: Kiểm tra options hiển thị đúng | C78: Danh sách option | E78: 1. Tại màn hình "Danh sách hồ sơ pháp lý" (Cá nhân, 31358001, D11) tick 8 hồ sơ Chờ xem xét, click Xử lý hồ sơ trên dải thao tác 2. Click mở Dropdown Ngày báo cáo (cột Hồ sơ khách hàng tại TCTD) | F78: Tối đa 3 phiên bản mới nhất theo Ngày báo cáo, cùng Mã CIC và cùng đầu mối, không gồm chính hồ sơ đang xem xét (BR-032, Q03); định dạng DD/MM/YYYY | G78: Cao
A79: =IF(F79="","",ROW()-19-COUNTBLANK($F$20:F79)) -> 50 | B79: Kiểm tra sử dụng bàn phím | C79: Thao tác hoàn toàn bằng bàn phím | E79: 1. Tại màn hình "Danh sách hồ sơ pháp lý" (Cá nhân, 31358001, D11) tick 8 hồ sơ Chờ xem xét, click Xử lý hồ sơ trên dải thao tác, nhấn Tab/Shift+Tab focus vào Dropdown Ngày báo cáo (cột Hồ sơ khách hàng tại TCTD) 2. Nhấn phím Enter 3. Nhấn phím Up/Down 4. Nhấn phím Enter khi đang focus một giá trị 5. Nhấn Tab/Shift+Tab | F79: 1. Dropdown được focus 2. Danh sách lựa chọn hiển thị 3. Con trỏ di chuyển theo danh sách lựa chọn 4. Giá trị được chọn và hiển thị lên dropdown 5. Con trỏ di chuyển đến control tiếp theo / trước đó | G79: Trung bình
A80: =IF(F80="","",ROW()-19-COUNTBLANK($F$20:F80)) -> 51 | B80: Kiểm tra hiển thị scroll | C80: Số option < 5 | D80: Danh sách thực tế 3 option | E80: 1. Tại màn hình "Danh sách hồ sơ pháp lý" (Cá nhân, 31358001, D11) tick 8 hồ sơ Chờ xem xét, click Xử lý hồ sơ trên dải thao tác 2. Mở Dropdown Ngày báo cáo (cột Hồ sơ khách hàng tại TCTD) | F80: Không hiển thị thanh scroll | G80: Thấp
A81: =IF(F81="","",ROW()-19-COUNTBLANK($F$20:F81)) -> 52 | C81: Số option = 5 | D81: Danh sách theo SRS cố định 3 giá trị — giả lập danh mục trên môi trường test có 5 option | E81: 1. Tại màn hình "Danh sách hồ sơ pháp lý" (Cá nhân, 31358001, D11) tick 8 hồ sơ Chờ xem xét, click Xử lý hồ sơ trên dải thao tác 2. Mở Dropdown Ngày báo cáo (cột Hồ sơ khách hàng tại TCTD) | F81: Không hiển thị thanh scroll | G81: Thấp
A82: =IF(F82="","",ROW()-19-COUNTBLANK($F$20:F82)) -> 53 | C82: Số option > 5 | D82: Danh sách theo SRS cố định 3 giá trị — giả lập danh mục trên môi trường test có > 10 option | E82: 1. Tại màn hình "Danh sách hồ sơ pháp lý" (Cá nhân, 31358001, D11) tick 8 hồ sơ Chờ xem xét, click Xử lý hồ sơ trên dải thao tác 2. Mở Dropdown Ngày báo cáo (cột Hồ sơ khách hàng tại TCTD) 3. Cuộn danh sách | F82: Hiển thị thanh scroll; mặc định hiển thị 10 item, phần còn lại tải khi cuộn hoặc tìm kiếm (virtual scroll — Quy tắc component) | G82: Thấp
A83: =IF(F83="","",ROW()-19-COUNTBLANK($F$20:F83)) -> 54 | B83: Kiểm tra chọn giá trị | C83: Chọn 1 giá trị | D83: Chọn một option bất kỳ | E83: 1. Tại màn hình "Danh sách hồ sơ pháp lý" (Cá nhân, 31358001, D11) tick 8 hồ sơ Chờ xem xét, click Xử lý hồ sơ trên dải thao tác 2. Mở Dropdown Ngày báo cáo (cột Hồ sơ khách hàng tại TCTD) 3. Click một option | F83: Giá trị được chọn hiển thị lên dropdown, danh sách đóng lại, giá trị được focus | G83: Cao
A84: =IF(F84="","",ROW()-19-COUNTBLANK($F$20:F84)) -> 55 | C84: Chọn nhiều giá trị | D84: Chọn lần lượt 2 option | E84: 1. Tại màn hình "Danh sách hồ sơ pháp lý" (Cá nhân, 31358001, D11) tick 8 hồ sơ Chờ xem xét, click Xử lý hồ sơ trên dải thao tác 2. Chọn option thứ nhất 3. Mở lại và chọn option thứ hai | F84: Không cho phép chọn nhiều; dropdown hiển thị giá trị chọn gần nhất | G84: Trung bình
A85: =IF(F85="","",ROW()-19-COUNTBLANK($F$20:F85)) -> 56 | C85: Bỏ chọn giá trị đã chọn | D85: Xóa giá trị đã chọn | E85: 1. Tại màn hình "Danh sách hồ sơ pháp lý" (Cá nhân, 31358001, D11) tick 8 hồ sơ Chờ xem xét, click Xử lý hồ sơ trên dải thao tác 2. Chọn một option 3. Thực hiện bỏ chọn (icon x / phím Delete) | F85: Không cho bỏ chọn về rỗng: dropdown luôn giữ một giá trị (trường bắt buộc chọn đúng một giá trị — BR-013) | G85: Trung bình
A86: =IF(F86="","",ROW()-19-COUNTBLANK($F$20:F86)) -> 57 | B86: Kiểm tra options hiển thị đúng | C86: Trường hợp call API thành công | D86: Dữ liệu trả về khác rỗng | E86: 1. Click mở danh sách | F86: Danh sách hiển thị đầy đủ options đúng theo dữ liệu API trả về | G86: Trung bình
A87: =IF(F87="","",ROW()-19-COUNTBLANK($F$20:F87)) -> 58 | D87: Dữ liệu trả về là rỗng | E87: 1. Giả lập API trả về danh sách rỗng 2. Click mở danh sách | F87: Danh sách hiển thị trạng thái rỗng "Không có dữ liệu" kèm icon | G87: Trung bình
A88: =IF(F88="","",ROW()-19-COUNTBLANK($F$20:F88)) -> 59 | C88: Trường hợp call API bị thất bại | D88: API trả lỗi 500 / mất kết nối | E88: 1. Giả lập API lỗi 2. Click mở danh sách | F88: Hiển thị thông báo lỗi hoặc trạng thái rỗng; giao diện không bị treo/crash | G88: Trung bình
A89: =IF(F89="","",ROW()-19-COUNTBLANK($F$20:F89)) -> 60 | C89: Trường hợp call API bị time out | D89: API phản hồi quá thời gian chờ | E89: 1. Giả lập API time out 2. Click mở danh sách | F89: Hiển thị loading trong thời gian chờ; sau time out hiển thị thông báo lỗi hoặc trạng thái rỗng; UI không treo | G89: Trung bình
A90: =IF(F90="","",ROW()-19-COUNTBLANK($F$20:F90)) -> 61 | B90: Kiểm tra dropdown bắt buộc không cho bỏ chọn | C90: Dropdown bắt buộc luôn có giá trị | E90: 1. Tại màn hình "Danh sách hồ sơ pháp lý" (Cá nhân, 31358001, D11) tick 8 hồ sơ Chờ xem xét, click Xử lý hồ sơ trên dải thao tác 2. Thử xóa giá trị của Dropdown Ngày báo cáo (cột Hồ sơ khách hàng tại TCTD) | F90: Không thể xóa về rỗng; giá trị vẫn được gửi khi Tìm kiếm | G90: Trung bình
A91: =IF(F91="","",ROW()-19-COUNTBLANK($F$20:F91)) | B91: Kiểm tra cột Chỉ tiêu
A92: =IF(F92="","",ROW()-19-COUNTBLANK($F$20:F92)) -> 62 | B92: Kiểm tra hiển thị | C92: Hiển thị cột Chỉ tiêu | E92: 1. Tại màn hình "Danh sách hồ sơ pháp lý" (Cá nhân, 31358001, D11) tick 8 hồ sơ Chờ xem xét, click Xử lý hồ sơ trên dải thao tác 2. Quan sát cột Chỉ tiêu | F92: Mã chỉ tiêu; ★ trước mã chỉ tiêu quan trọng; hover hiển thị tên chỉ tiêu; nhóm theo tiêu đề nhóm (BR-030, BR-035) | G92: Trung bình
A93: =IF(F93="","",ROW()-19-COUNTBLANK($F$20:F93)) -> 63 | B93: Kiểm tra chỉnh sửa | C93: Cột Chỉ tiêu chỉ đọc | E93: 1. Tại màn hình "Danh sách hồ sơ pháp lý" (Cá nhân, 31358001, D11) tick 8 hồ sơ Chờ xem xét, click Xử lý hồ sơ trên dải thao tác 2. Double-click / nhấn F2 vào ô của cột Chỉ tiêu | F93: Không mở edit mode, không có ô nhập; dữ liệu chỉ đọc | G93: Trung bình
A94: =IF(F94="","",ROW()-19-COUNTBLANK($F$20:F94)) -> 64 | B94: Kiểm tra thao tác lọc trên cột | C94: Cột Chỉ tiêu không có ô lọc | E94: 1. Tại màn hình "Danh sách hồ sơ pháp lý" (Cá nhân, 31358001, D11) tick 8 hồ sơ Chờ xem xét, click Xử lý hồ sơ trên dải thao tác 2. Quan sát header cột Chỉ tiêu | F94: Cột Chỉ tiêu không có icon/ô lọc (Quy tắc component: STT, Thao tác không lọc; SRS không mô tả lọc cho bảng này) | G94: Thấp
